{
"type": "FeatureCollection",
"name": "shoreline_points",
"crs": { "type": "name", "properties": { "name": "urn:ogc:def:crs:OGC:1.3:CRS84" } },
"features": [
{ "type": "Feature", "properties": { "latitude": 23.6875, "longitude": 68.5625, "region": "Gujarat, Daman & Diu", "map_sheet_no": "41A10NW", "edition_year": 2021, "years_elapsed": 10, "erosion_length_km": 0.0, "erosion_area_ha": 0.0, "accretion_length_km": 0.0, "accretion_area_ha": 0.0, "stable_length_km": 10.86, "shoreline_change_rate_m_per_yr": 0.0 }, "geometry": { "type": "Point", "coordinates": [ 68.5625, 23.6875 ] } },
{ "type": "Feature", "properties": { "latitude": 23.5625, "longitude": 68.4375, "region": "Gujarat, Daman & Diu", "map_sheet_no": "41A06SE", "edition_year": 2021, "years_elapsed": 10, "erosion_length_km": 0.2, "erosion_area_ha": 0.35, "accretion_length_km": 0.19, "accretion_area_ha": 0.12, "stable_length_km": 12.2, "shoreline_change_rate_m_per_yr": -0.59 }, "geometry": { "type": "Point", "coordinates": [ 68.4375, 23.5625 ] } },
{ "type": "Feature", "properties": { "latitude": 23.5625, "longitude": 68.5625, "region": "Gujarat, Daman & Diu", "map_sheet_no": "41A10SW", "edition_year": 2021, "years_elapsed": 10, "erosion_length_km": 0.0, "erosion_area_ha": 0.0, "accretion_length_km": 0.0, "accretion_area_ha": 0.0, "stable_length_km": 1.66, "shoreline_change_rate_m_per_yr": 0.0 }, "geometry": { "type": "Point", "coordinates": [ 68.5625, 23.5625 ] } },
{ "type": "Feature", "properties": { "latitude": 23.4375, "longitude": 68.4375, "region": "Gujarat, Daman & Diu", "map_sheet_no": "41A07NE", "edition_year": 2021, "years_elapsed": 10, "erosion_length_km": 0.0, "erosion_area_ha": 0.0, "accretion_length_km": 0.0, "accretion_area_ha": 0.0, "stable_length_km": 0.73, "shoreline_change_rate_m_per_yr": 0.0 }, "geometry": { "type": "Point", "coordinates": [ 68.4375, 23.4375 ] } },
{ "type": "Feature", "properties": { "latitude": 23.4375, "longitude": 68.5625, "region": "Gujarat, Daman & Diu", "map_sheet_no": "41A11NW", "edition_year": 2021, "years_elapsed": 10, "erosion_length_km": 0.26, "erosion_area_ha": 0.43, "accretion_length_km": 0.0, "accretion_area_ha": 0.0, "stable_length_km": 8.97, "shoreline_change_rate_m_per_yr": -1.654 }, "geometry": { "type": "Point", "coordinates": [ 68.5625, 23.4375 ] } },
{ "type": "Feature", "properties": { "latitude": 23.3125, "longitude": 68.5625, "region": "Gujarat, Daman & Diu", "map_sheet_no": "41A11SW", "edition_year": 2021, "years_elapsed": 10, "erosion_length_km": 0.0, "erosion_area_ha": 0.0, "accretion_length_km": 0.0, "accretion_area_ha": 0.0, "stable_length_km": 0.38, "shoreline_change_rate_m_per_yr": 0.0 }, "geometry": { "type": "Point", "coordinates": [ 68.5625, 23.3125 ] } },
{ "type": "Feature", "properties": { "latitude": 23.3125, "longitude": 68.6875, "region": "Gujarat, Daman & Diu", "map_sheet_no": "41A11SE", "edition_year": 2021, "years_elapsed": 10, "erosion_length_km": 0.0, "erosion_area_ha": 0.0, "accretion_length_km": 0.0, "accretion_area_ha": 0.0, "stable_length_km": 6.55, "shoreline_change_rate_m_per_yr": 0.0 }, "geometry": { "type": "Point", "coordinates": [ 68.6875, 23.3125 ] } },
{ "type": "Feature", "properties": { "latitude": 23.1875, "longitude": 68.5625, "region": "Gujarat, Daman & Diu", "map_sheet_no": "41A12NW", "edition_year": 2021, "years_elapsed": 10, "erosion_length_km": 1.01, "erosion_area_ha": 3.55, "accretion_length_km": 0.99, "accretion_area_ha": 1.49, "stable_length_km": 6.22, "shoreline_change_rate_m_per_yr": -1.03 }, "geometry": { "type": "Point", "coordinates": [ 68.5625, 23.1875 ] } },
{ "type": "Feature", "properties": { "latitude": 23.1875, "longitude": 68.6875, "region": "Gujarat, Daman & Diu", "map_sheet_no": "41A12NE", "edition_year": 2021, "years_elapsed": 10, "erosion_length_km": 0.18, "erosion_area_ha": 1.15, "accretion_length_km": 0.6, "accretion_area_ha": 1.63, "stable_length_km": 9.59, "shoreline_change_rate_m_per_yr": 0.615 }, "geometry": { "type": "Point", "coordinates": [ 68.6875, 23.1875 ] } },
{ "type": "Feature", "properties": { "latitude": 23.0625, "longitude": 68.6875, "region": "Gujarat, Daman & Diu", "map_sheet_no": "41A12SE", "edition_year": 2021, "years_elapsed": 10, "erosion_length_km": 0.0, "erosion_area_ha": 0.0, "accretion_length_km": 0.0, "accretion_area_ha": 0.0, "stable_length_km": 6.23, "shoreline_change_rate_m_per_yr": 0.0 }, "geometry": { "type": "Point", "coordinates": [ 68.6875, 23.0625 ] } },
{ "type": "Feature", "properties": { "latitude": 23.0625, "longitude": 68.8125, "region": "Gujarat, Daman & Diu", "map_sheet_no": "41A16SW", "edition_year": 2021, "years_elapsed": 10, "erosion_length_km": 4.09, "erosion_area_ha": 7.29, "accretion_length_km": 0.0, "accretion_area_ha": 0.0, "stable_length_km": 10.36, "shoreline_change_rate_m_per_yr": -1.782 }, "geometry": { "type": "Point", "coordinates": [ 68.8125, 23.0625 ] } },
{ "type": "Feature", "properties": { "latitude": 23.0625, "longitude": 68.9375, "region": "Gujarat, Daman & Diu", "map_sheet_no": "41A16SE", "edition_year": 2021, "years_elapsed": 10, "erosion_length_km": 0.0, "erosion_area_ha": 0.0, "accretion_length_km": 0.2, "accretion_area_ha": 0.52, "stable_length_km": 4.25, "shoreline_change_rate_m_per_yr": 2.6 }, "geometry": { "type": "Point", "coordinates": [ 68.9375, 23.0625 ] } },
{ "type": "Feature", "properties": { "latitude": 23.0625, "longitude": 70.5625, "region": "Gujarat, Daman & Diu", "map_sheet_no": "41I12SW", "edition_year": 2021, "years_elapsed": 10, "erosion_length_km": 1.06, "erosion_area_ha": 2.2, "accretion_length_km": 0.22, "accretion_area_ha": 0.41, "stable_length_km": 4.09, "shoreline_change_rate_m_per_yr": -1.398 }, "geometry": { "type": "Point", "coordinates": [ 70.5625, 23.0625 ] } },
{ "type": "Feature", "properties": { "latitude": 22.9375, "longitude": 68.9375, "region": "Gujarat, Daman & Diu", "map_sheet_no": "41B13NE", "edition_year": 2021, "years_elapsed": 10, "erosion_length_km": 0.0, "erosion_area_ha": 1.58, "accretion_length_km": 0.0, "accretion_area_ha": 0.0, "stable_length_km": 9.3, "shoreline_change_rate_m_per_yr": 0.0 }, "geometry": { "type": "Point", "coordinates": [ 68.9375, 22.9375 ] } },
{ "type": "Feature", "properties": { "latitude": 22.9375, "longitude": 69.0625, "region": "Gujarat, Daman & Diu", "map_sheet_no": "41F01NW", "edition_year": 2021, "years_elapsed": 10, "erosion_length_km": 0.1, "erosion_area_ha": 0.12, "accretion_length_km": 0.0, "accretion_area_ha": 0.0, "stable_length_km": 14.29, "shoreline_change_rate_m_per_yr": -1.2 }, "geometry": { "type": "Point", "coordinates": [ 69.0625, 22.9375 ] } },
{ "type": "Feature", "properties": { "latitude": 22.9375, "longitude": 69.1875, "region": "Gujarat, Daman & Diu", "map_sheet_no": "41F01NE", "edition_year": 2021, "years_elapsed": 10, "erosion_length_km": 0.0, "erosion_area_ha": 0.0, "accretion_length_km": 0.0, "accretion_area_ha": 0.0, "stable_length_km": 0.49, "shoreline_change_rate_m_per_yr": 0.0 }, "geometry": { "type": "Point", "coordinates": [ 69.1875, 22.9375 ] } },
{ "type": "Feature", "properties": { "latitude": 22.9375, "longitude": 69.9375, "region": "Gujarat, Daman & Diu", "map_sheet_no": "41F13NE", "edition_year": 2021, "years_elapsed": 10, "erosion_length_km": 0.78, "erosion_area_ha": 6.3, "accretion_length_km": 0.49, "accretion_area_ha": 0.63, "stable_length_km": 4.87, "shoreline_change_rate_m_per_yr": -4.465 }, "geometry": { "type": "Point", "coordinates": [ 69.9375, 22.9375 ] } },
{ "type": "Feature", "properties": { "latitude": 22.9375, "longitude": 70.4375, "region": "Gujarat, Daman & Diu", "map_sheet_no": "41J05NE", "edition_year": 2021, "years_elapsed": 10, "erosion_length_km": 0.0, "erosion_area_ha": 0.0, "accretion_length_km": 0.0, "accretion_area_ha": 0.0, "stable_length_km": 3.16, "shoreline_change_rate_m_per_yr": 0.0 }, "geometry": { "type": "Point", "coordinates": [ 70.4375, 22.9375 ] } },
{ "type": "Feature", "properties": { "latitude": 22.9375, "longitude": 70.5625, "region": "Gujarat, Daman & Diu", "map_sheet_no": "41J09NW", "edition_year": 2021, "years_elapsed": 10, "erosion_length_km": 0.05, "erosion_area_ha": 1.06, "accretion_length_km": 0.0, "accretion_area_ha": 0.0, "stable_length_km": 5.27, "shoreline_change_rate_m_per_yr": -21.2 }, "geometry": { "type": "Point", "coordinates": [ 70.5625, 22.9375 ] } },
{ "type": "Feature", "properties": { "latitude": 22.8125, "longitude": 69.1875, "region": "Gujarat, Daman & Diu", "map_sheet_no": "41F01SE", "edition_year": 2021, "years_elapsed": 10, "erosion_length_km": 0.39, "erosion_area_ha": 0.38, "accretion_length_km": 0.75, "accretion_area_ha": 1.04, "stable_length_km": 11.44, "shoreline_change_rate_m_per_yr": 0.579 }, "geometry": { "type": "Point", "coordinates": [ 69.1875, 22.8125 ] } },
{ "type": "Feature", "properties": { "latitude": 22.8125, "longitude": 69.3125, "region": "Gujarat, Daman & Diu", "map_sheet_no": "41F05SW", "edition_year": 2021, "years_elapsed": 10, "erosion_length_km": 1.81, "erosion_area_ha": 2.61, "accretion_length_km": 1.98, "accretion_area_ha": 5.28, "stable_length_km": 9.01, "shoreline_change_rate_m_per_yr": 0.704 }, "geometry": { "type": "Point", "coordinates": [ 69.3125, 22.8125 ] } },
{ "type": "Feature", "properties": { "latitude": 22.8125, "longitude": 69.4375, "region": "Gujarat, Daman & Diu", "map_sheet_no": "41F05SE", "edition_year": 2021, "years_elapsed": 10, "erosion_length_km": 1.83, "erosion_area_ha": 4.87, "accretion_length_km": 0.75, "accretion_area_ha": 1.93, "stable_length_km": 10.11, "shoreline_change_rate_m_per_yr": -1.14 }, "geometry": { "type": "Point", "coordinates": [ 69.4375, 22.8125 ] } },
{ "type": "Feature", "properties": { "latitude": 22.8125, "longitude": 69.5625, "region": "Gujarat, Daman & Diu", "map_sheet_no": "41F09SW", "edition_year": 2021, "years_elapsed": 10, "erosion_length_km": 2.03, "erosion_area_ha": 9.43, "accretion_length_km": 3.78, "accretion_area_ha": 35.88, "stable_length_km": 0.26, "shoreline_change_rate_m_per_yr": 4.552 }, "geometry": { "type": "Point", "coordinates": [ 69.5625, 22.8125 ] } },
{ "type": "Feature", "properties": { "latitude": 22.8125, "longitude": 69.6875, "region": "Gujarat, Daman & Diu", "map_sheet_no": "41F09SE", "edition_year": 2021, "years_elapsed": 10, "erosion_length_km": 0.0, "erosion_area_ha": 0.0, "accretion_length_km": 0.0, "accretion_area_ha": 0.0, "stable_length_km": 0.32, "shoreline_change_rate_m_per_yr": 0.0 }, "geometry": { "type": "Point", "coordinates": [ 69.6875, 22.8125 ] } },
{ "type": "Feature", "properties": { "latitude": 22.8125, "longitude": 69.8125, "region": "Gujarat, Daman & Diu", "map_sheet_no": "41F13SW", "edition_year": 2021, "years_elapsed": 10, "erosion_length_km": 1.26, "erosion_area_ha": 2.17, "accretion_length_km": 1.04, "accretion_area_ha": 24.14, "stable_length_km": 7.33, "shoreline_change_rate_m_per_yr": 9.552 }, "geometry": { "type": "Point", "coordinates": [ 69.8125, 22.8125 ] } },
{ "type": "Feature", "properties": { "latitude": 22.8125, "longitude": 70.4375, "region": "Gujarat, Daman & Diu", "map_sheet_no": "41J05SE", "edition_year": 2021, "years_elapsed": 10, "erosion_length_km": 1.64, "erosion_area_ha": 2.72, "accretion_length_km": 0.0, "accretion_area_ha": 0.0, "stable_length_km": 4.33, "shoreline_change_rate_m_per_yr": -1.659 }, "geometry": { "type": "Point", "coordinates": [ 70.4375, 22.8125 ] } },
{ "type": "Feature", "properties": { "latitude": 22.6875, "longitude": 70.1875, "region": "Gujarat, Daman & Diu", "map_sheet_no": "41J02NE", "edition_year": 2021, "years_elapsed": 10, "erosion_length_km": 0.0, "erosion_area_ha": 0.0, "accretion_length_km": 0.0, "accretion_area_ha": 0.0, "stable_length_km": 3.23, "shoreline_change_rate_m_per_yr": 0.0 }, "geometry": { "type": "Point", "coordinates": [ 70.1875, 22.6875 ] } },
{ "type": "Feature", "properties": { "latitude": 22.6875, "longitude": 70.3125, "region": "Gujarat, Daman & Diu", "map_sheet_no": "41J06NW", "edition_year": 2021, "years_elapsed": 10, "erosion_length_km": 0.27, "erosion_area_ha": 0.17, "accretion_length_km": 1.85, "accretion_area_ha": 3.41, "stable_length_km": 3.2, "shoreline_change_rate_m_per_yr": 1.528 }, "geometry": { "type": "Point", "coordinates": [ 70.3125, 22.6875 ] } },
{ "type": "Feature", "properties": { "latitude": 22.5625, "longitude": 69.9375, "region": "Gujarat, Daman & Diu", "map_sheet_no": "41F14SE", "edition_year": 2021, "years_elapsed": 10, "erosion_length_km": 0.0, "erosion_area_ha": 0.0, "accretion_length_km": 0.0, "accretion_area_ha": 0.0, "stable_length_km": 5.52, "shoreline_change_rate_m_per_yr": 0.0 }, "geometry": { "type": "Point", "coordinates": [ 69.9375, 22.5625 ] } },
{ "type": "Feature", "properties": { "latitude": 22.5625, "longitude": 70.0625, "region": "Gujarat, Daman & Diu", "map_sheet_no": "41J02SW", "edition_year": 2021, "years_elapsed": 10, "erosion_length_km": 0.4, "erosion_area_ha": 2.41, "accretion_length_km": 0.0, "accretion_area_ha": 0.0, "stable_length_km": 5.78, "shoreline_change_rate_m_per_yr": -6.025 }, "geometry": { "type": "Point", "coordinates": [ 70.0625, 22.5625 ] } },
{ "type": "Feature", "properties": { "latitude": 22.5625, "longitude": 70.1875, "region": "Gujarat, Daman & Diu", "map_sheet_no": "41J02SE", "edition_year": 2021, "years_elapsed": 10, "erosion_length_km": 0.43, "erosion_area_ha": 1.06, "accretion_length_km": 1.35, "accretion_area_ha": 5.24, "stable_length_km": 9.89, "shoreline_change_rate_m_per_yr": 2.348 }, "geometry": { "type": "Point", "coordinates": [ 70.1875, 22.5625 ] } },
{ "type": "Feature", "properties": { "latitude": 22.4375, "longitude": 68.9375, "region": "Gujarat, Daman & Diu", "map_sheet_no": "41B15NE", "edition_year": 2021, "years_elapsed": 10, "erosion_length_km": 0.0, "erosion_area_ha": 0.0, "accretion_length_km": 0.0, "accretion_area_ha": 0.0, "stable_length_km": 7.26, "shoreline_change_rate_m_per_yr": 0.0 }, "geometry": { "type": "Point", "coordinates": [ 68.9375, 22.4375 ] } },
{ "type": "Feature", "properties": { "latitude": 22.4375, "longitude": 69.0625, "region": "Gujarat, Daman & Diu", "map_sheet_no": "41F03NW", "edition_year": 2021, "years_elapsed": 10, "erosion_length_km": 1.36, "erosion_area_ha": 3.92, "accretion_length_km": 0.0, "accretion_area_ha": 0.0, "stable_length_km": 43.56, "shoreline_change_rate_m_per_yr": -2.882 }, "geometry": { "type": "Point", "coordinates": [ 69.0625, 22.4375 ] } },
{ "type": "Feature", "properties": { "latitude": 22.4375, "longitude": 69.1875, "region": "Gujarat, Daman & Diu", "map_sheet_no": "41F03NE", "edition_year": 2021, "years_elapsed": 10, "erosion_length_km": 0.29, "erosion_area_ha": 0.43, "accretion_length_km": 0.0, "accretion_area_ha": 0.06, "stable_length_km": 25.0, "shoreline_change_rate_m_per_yr": -1.483 }, "geometry": { "type": "Point", "coordinates": [ 69.1875, 22.4375 ] } },
{ "type": "Feature", "properties": { "latitude": 22.4375, "longitude": 69.6875, "region": "Gujarat, Daman & Diu", "map_sheet_no": "41F11NE", "edition_year": 2021, "years_elapsed": 10, "erosion_length_km": 0.0, "erosion_area_ha": 0.0, "accretion_length_km": 0.0, "accretion_area_ha": 0.0, "stable_length_km": 3.82, "shoreline_change_rate_m_per_yr": 0.0 }, "geometry": { "type": "Point", "coordinates": [ 69.6875, 22.4375 ] } },
{ "type": "Feature", "properties": { "latitude": 22.4375, "longitude": 69.8125, "region": "Gujarat, Daman & Diu", "map_sheet_no": "41F15NW", "edition_year": 2021, "years_elapsed": 10, "erosion_length_km": 0.45, "erosion_area_ha": 1.44, "accretion_length_km": 0.0, "accretion_area_ha": 0.0, "stable_length_km": 4.97, "shoreline_change_rate_m_per_yr": -3.2 }, "geometry": { "type": "Point", "coordinates": [ 69.8125, 22.4375 ] } },
{ "type": "Feature", "properties": { "latitude": 22.4375, "longitude": 69.9375, "region": "Gujarat, Daman & Diu", "map_sheet_no": "41F15NE", "edition_year": 2021, "years_elapsed": 10, "erosion_length_km": 0.0, "erosion_area_ha": 0.0, "accretion_length_km": 0.0, "accretion_area_ha": 0.0, "stable_length_km": 12.61, "shoreline_change_rate_m_per_yr": 0.0 }, "geometry": { "type": "Point", "coordinates": [ 69.9375, 22.4375 ] } },
{ "type": "Feature", "properties": { "latitude": 22.3125, "longitude": 68.9375, "region": "Gujarat, Daman & Diu", "map_sheet_no": "41B15SE", "edition_year": 2021, "years_elapsed": 10, "erosion_length_km": 0.36, "erosion_area_ha": 0.55, "accretion_length_km": 0.0, "accretion_area_ha": 0.0, "stable_length_km": 16.07, "shoreline_change_rate_m_per_yr": -1.528 }, "geometry": { "type": "Point", "coordinates": [ 68.9375, 22.3125 ] } },
{ "type": "Feature", "properties": { "latitude": 22.3125, "longitude": 69.1875, "region": "Gujarat, Daman & Diu", "map_sheet_no": "41F03SE", "edition_year": 2021, "years_elapsed": 10, "erosion_length_km": 0.0, "erosion_area_ha": 0.0, "accretion_length_km": 0.0, "accretion_area_ha": 0.0, "stable_length_km": 10.72, "shoreline_change_rate_m_per_yr": 0.0 }, "geometry": { "type": "Point", "coordinates": [ 69.1875, 22.3125 ] } },
{ "type": "Feature", "properties": { "latitude": 22.3125, "longitude": 69.3125, "region": "Gujarat, Daman & Diu", "map_sheet_no": "41F07SW", "edition_year": 2021, "years_elapsed": 10, "erosion_length_km": 0.0, "erosion_area_ha": 0.0, "accretion_length_km": 1.75, "accretion_area_ha": 3.95, "stable_length_km": 13.15, "shoreline_change_rate_m_per_yr": 2.257 }, "geometry": { "type": "Point", "coordinates": [ 69.3125, 22.3125 ] } },
{ "type": "Feature", "properties": { "latitude": 22.3125, "longitude": 69.4375, "region": "Gujarat, Daman & Diu", "map_sheet_no": "41F07SE", "edition_year": 2021, "years_elapsed": 10, "erosion_length_km": 0.16, "erosion_area_ha": 0.52, "accretion_length_km": 2.13, "accretion_area_ha": 5.56, "stable_length_km": 19.99, "shoreline_change_rate_m_per_yr": 2.201 }, "geometry": { "type": "Point", "coordinates": [ 69.4375, 22.3125 ] } },
{ "type": "Feature", "properties": { "latitude": 22.3125, "longitude": 72.5625, "region": "Gujarat, Daman & Diu", "map_sheet_no": "46B11SW", "edition_year": 2021, "years_elapsed": 10, "erosion_length_km": 1.45, "erosion_area_ha": 4.9, "accretion_length_km": 0.93, "accretion_area_ha": 6.44, "stable_length_km": 10.94, "shoreline_change_rate_m_per_yr": 0.647 }, "geometry": { "type": "Point", "coordinates": [ 72.5625, 22.3125 ] } },
{ "type": "Feature", "properties": { "latitude": 22.3125, "longitude": 69.5625, "region": "Gujarat, Daman & Diu", "map_sheet_no": "41F11SW", "edition_year": 2021, "years_elapsed": 10, "erosion_length_km": 0.0, "erosion_area_ha": 0.0, "accretion_length_km": 0.48, "accretion_area_ha": 1.03, "stable_length_km": 22.8, "shoreline_change_rate_m_per_yr": 2.146 }, "geometry": { "type": "Point", "coordinates": [ 69.5625, 22.3125 ] } },
{ "type": "Feature", "properties": { "latitude": 22.3125, "longitude": 72.4375, "region": "Gujarat, Daman & Diu", "map_sheet_no": "46B07SE", "edition_year": 2021, "years_elapsed": 10, "erosion_length_km": 8.36, "erosion_area_ha": 27.49, "accretion_length_km": 0.25, "accretion_area_ha": 0.76, "stable_length_km": 6.15, "shoreline_change_rate_m_per_yr": -3.105 }, "geometry": { "type": "Point", "coordinates": [ 72.4375, 22.3125 ] } },
{ "type": "Feature", "properties": { "latitude": 22.3125, "longitude": 69.6875, "region": "Gujarat, Daman & Diu", "map_sheet_no": "41F11SE", "edition_year": 2021, "years_elapsed": 10, "erosion_length_km": 0.0, "erosion_area_ha": 0.0, "accretion_length_km": 0.0, "accretion_area_ha": 0.0, "stable_length_km": 1.71, "shoreline_change_rate_m_per_yr": 0.0 }, "geometry": { "type": "Point", "coordinates": [ 69.6875, 22.3125 ] } },
{ "type": "Feature", "properties": { "latitude": 22.3125, "longitude": 72.3125, "region": "Gujarat, Daman & Diu", "map_sheet_no": "46B07SW", "edition_year": 2021, "years_elapsed": 10, "erosion_length_km": 0.0, "erosion_area_ha": 0.0, "accretion_length_km": 0.0, "accretion_area_ha": 0.0, "stable_length_km": 8.2, "shoreline_change_rate_m_per_yr": 0.0 }, "geometry": { "type": "Point", "coordinates": [ 72.3125, 22.3125 ] } },
{ "type": "Feature", "properties": { "latitude": 22.1875, "longitude": 68.9375, "region": "Gujarat, Daman & Diu", "map_sheet_no": "41B16NE", "edition_year": 2021, "years_elapsed": 10, "erosion_length_km": 1.66, "erosion_area_ha": 1.78, "accretion_length_km": 0.0, "accretion_area_ha": 0.0, "stable_length_km": 6.93, "shoreline_change_rate_m_per_yr": -1.072 }, "geometry": { "type": "Point", "coordinates": [ 68.9375, 22.1875 ] } },
{ "type": "Feature", "properties": { "latitude": 22.1875, "longitude": 69.0625, "region": "Gujarat, Daman & Diu", "map_sheet_no": "41F04NW", "edition_year": 2021, "years_elapsed": 10, "erosion_length_km": 1.9, "erosion_area_ha": 2.32, "accretion_length_km": 0.0, "accretion_area_ha": 0.0, "stable_length_km": 8.14, "shoreline_change_rate_m_per_yr": -1.221 }, "geometry": { "type": "Point", "coordinates": [ 69.0625, 22.1875 ] } },
{ "type": "Feature", "properties": { "latitude": 22.1875, "longitude": 72.6875, "region": "Gujarat, Daman & Diu", "map_sheet_no": "46B12NE", "edition_year": 2021, "years_elapsed": 10, "erosion_length_km": 0.0, "erosion_area_ha": 0.0, "accretion_length_km": 0.0, "accretion_area_ha": 0.0, "stable_length_km": 2.84, "shoreline_change_rate_m_per_yr": 0.0 }, "geometry": { "type": "Point", "coordinates": [ 72.6875, 22.1875 ] } },
{ "type": "Feature", "properties": { "latitude": 22.1875, "longitude": 72.5625, "region": "Gujarat, Daman & Diu", "map_sheet_no": "46B12NW", "edition_year": 2021, "years_elapsed": 10, "erosion_length_km": 8.04, "erosion_area_ha": 27.02, "accretion_length_km": 0.08, "accretion_area_ha": 0.15, "stable_length_km": 5.19, "shoreline_change_rate_m_per_yr": -3.309 }, "geometry": { "type": "Point", "coordinates": [ 72.5625, 22.1875 ] } },
{ "type": "Feature", "properties": { "latitude": 22.1875, "longitude": 72.3125, "region": "Gujarat, Daman & Diu", "map_sheet_no": "46B08NW", "edition_year": 2021, "years_elapsed": 10, "erosion_length_km": 1.09, "erosion_area_ha": 8.24, "accretion_length_km": 0.0, "accretion_area_ha": 0.0, "stable_length_km": 8.82, "shoreline_change_rate_m_per_yr": -7.56 }, "geometry": { "type": "Point", "coordinates": [ 72.3125, 22.1875 ] } },
{ "type": "Feature", "properties": { "latitude": 22.1875, "longitude": 72.1875, "region": "Gujarat, Daman & Diu", "map_sheet_no": "46B04NE", "edition_year": 2021, "years_elapsed": 10, "erosion_length_km": 0.0, "erosion_area_ha": 0.0, "accretion_length_km": 0.0, "accretion_area_ha": 0.0, "stable_length_km": 7.32, "shoreline_change_rate_m_per_yr": 0.0 }, "geometry": { "type": "Point", "coordinates": [ 72.1875, 22.1875 ] } },
{ "type": "Feature", "properties": { "latitude": 22.0625, "longitude": 69.0625, "region": "Gujarat, Daman & Diu", "map_sheet_no": "41F04SW", "edition_year": 2021, "years_elapsed": 10, "erosion_length_km": 0.0, "erosion_area_ha": 0.0, "accretion_length_km": 0.0, "accretion_area_ha": 0.0, "stable_length_km": 10.08, "shoreline_change_rate_m_per_yr": 0.0 }, "geometry": { "type": "Point", "coordinates": [ 69.0625, 22.0625 ] } },
{ "type": "Feature", "properties": { "latitude": 22.0625, "longitude": 69.1875, "region": "Gujarat, Daman & Diu", "map_sheet_no": "41F04SE", "edition_year": 2021, "years_elapsed": 10, "erosion_length_km": 0.0, "erosion_area_ha": 0.0, "accretion_length_km": 0.0, "accretion_area_ha": 0.0, "stable_length_km": 8.15, "shoreline_change_rate_m_per_yr": 0.0 }, "geometry": { "type": "Point", "coordinates": [ 69.1875, 22.0625 ] } },
{ "type": "Feature", "properties": { "latitude": 22.0625, "longitude": 72.5625, "region": "Gujarat, Daman & Diu", "map_sheet_no": "46B12SW", "edition_year": 2021, "years_elapsed": 10, "erosion_length_km": 0.91, "erosion_area_ha": 6.35, "accretion_length_km": 0.01, "accretion_area_ha": 0.0, "stable_length_km": 8.81, "shoreline_change_rate_m_per_yr": -6.902 }, "geometry": { "type": "Point", "coordinates": [ 72.5625, 22.0625 ] } },
{ "type": "Feature", "properties": { "latitude": 22.0625, "longitude": 72.1875, "region": "Gujarat, Daman & Diu", "map_sheet_no": "46B04SE", "edition_year": 2021, "years_elapsed": 10, "erosion_length_km": 0.24, "erosion_area_ha": 0.52, "accretion_length_km": 0.34, "accretion_area_ha": 2.86, "stable_length_km": 20.7, "shoreline_change_rate_m_per_yr": 4.034 }, "geometry": { "type": "Point", "coordinates": [ 72.1875, 22.0625 ] } },
{ "type": "Feature", "properties": { "latitude": 21.9375, "longitude": 69.1875, "region": "Gujarat, Daman & Diu", "map_sheet_no": "41G01NE", "edition_year": 2021, "years_elapsed": 10, "erosion_length_km": 0.0, "erosion_area_ha": 0.0, "accretion_length_km": 0.08, "accretion_area_ha": 0.05, "stable_length_km": 10.55, "shoreline_change_rate_m_per_yr": 0.625 }, "geometry": { "type": "Point", "coordinates": [ 69.1875, 21.9375 ] } },
{ "type": "Feature", "properties": { "latitude": 21.9375, "longitude": 69.3125, "region": "Gujarat, Daman & Diu", "map_sheet_no": "41G05NW", "edition_year": 2021, "years_elapsed": 10, "erosion_length_km": 0.0, "erosion_area_ha": 0.0, "accretion_length_km": 0.0, "accretion_area_ha": 0.0, "stable_length_km": 8.27, "shoreline_change_rate_m_per_yr": 0.0 }, "geometry": { "type": "Point", "coordinates": [ 69.3125, 21.9375 ] } },
{ "type": "Feature", "properties": { "latitude": 21.9375, "longitude": 72.1875, "region": "Gujarat, Daman & Diu", "map_sheet_no": "46C01NE", "edition_year": 2021, "years_elapsed": 10, "erosion_length_km": 0.0, "erosion_area_ha": 0.0, "accretion_length_km": 0.0, "accretion_area_ha": 0.0, "stable_length_km": 0.57, "shoreline_change_rate_m_per_yr": 0.0 }, "geometry": { "type": "Point", "coordinates": [ 72.1875, 21.9375 ] } },
{ "type": "Feature", "properties": { "latitude": 21.8125, "longitude": 69.3125, "region": "Gujarat, Daman & Diu", "map_sheet_no": "41G05SW", "edition_year": 2021, "years_elapsed": 10, "erosion_length_km": 1.75, "erosion_area_ha": 3.82, "accretion_length_km": 0.45, "accretion_area_ha": 2.48, "stable_length_km": 6.37, "shoreline_change_rate_m_per_yr": -0.609 }, "geometry": { "type": "Point", "coordinates": [ 69.3125, 21.8125 ] } },
{ "type": "Feature", "properties": { "latitude": 21.8125, "longitude": 69.4375, "region": "Gujarat, Daman & Diu", "map_sheet_no": "41G05SE", "edition_year": 2021, "years_elapsed": 10, "erosion_length_km": 1.15, "erosion_area_ha": 2.3, "accretion_length_km": 0.14, "accretion_area_ha": 0.25, "stable_length_km": 10.7, "shoreline_change_rate_m_per_yr": -1.589 }, "geometry": { "type": "Point", "coordinates": [ 69.4375, 21.8125 ] } },
{ "type": "Feature", "properties": { "latitude": 21.6875, "longitude": 69.4375, "region": "Gujarat, Daman & Diu", "map_sheet_no": "41G06NE", "edition_year": 2021, "years_elapsed": 10, "erosion_length_km": 0.0, "erosion_area_ha": 0.0, "accretion_length_km": 0.0, "accretion_area_ha": 0.0, "stable_length_km": 6.36, "shoreline_change_rate_m_per_yr": 0.0 }, "geometry": { "type": "Point", "coordinates": [ 69.4375, 21.6875 ] } },
{ "type": "Feature", "properties": { "latitude": 21.6875, "longitude": 72.5625, "region": "Gujarat, Daman & Diu", "map_sheet_no": "46C10NW", "edition_year": 2021, "years_elapsed": 10, "erosion_length_km": 5.81, "erosion_area_ha": 19.99, "accretion_length_km": 4.59, "accretion_area_ha": 30.82, "stable_length_km": 6.34, "shoreline_change_rate_m_per_yr": 1.041 }, "geometry": { "type": "Point", "coordinates": [ 72.5625, 21.6875 ] } },
{ "type": "Feature", "properties": { "latitude": 21.6875, "longitude": 69.5625, "region": "Gujarat, Daman & Diu", "map_sheet_no": "41G10NW", "edition_year": 2021, "years_elapsed": 10, "erosion_length_km": 0.0, "erosion_area_ha": 0.18, "accretion_length_km": 0.68, "accretion_area_ha": 2.63, "stable_length_km": 15.51, "shoreline_change_rate_m_per_yr": 3.868 }, "geometry": { "type": "Point", "coordinates": [ 69.5625, 21.6875 ] } },
{ "type": "Feature", "properties": { "latitude": 21.6875, "longitude": 72.3125, "region": "Gujarat, Daman & Diu", "map_sheet_no": "46C06NW", "edition_year": 2021, "years_elapsed": 10, "erosion_length_km": 2.27, "erosion_area_ha": 17.99, "accretion_length_km": 0.41, "accretion_area_ha": 1.05, "stable_length_km": 6.96, "shoreline_change_rate_m_per_yr": -6.321 }, "geometry": { "type": "Point", "coordinates": [ 72.3125, 21.6875 ] } },
{ "type": "Feature", "properties": { "latitude": 21.5625, "longitude": 72.6875, "region": "Gujarat, Daman & Diu", "map_sheet_no": "46C10SE", "edition_year": 2021, "years_elapsed": 10, "erosion_length_km": 0.0, "erosion_area_ha": 0.0, "accretion_length_km": 0.0, "accretion_area_ha": 0.0, "stable_length_km": 3.99, "shoreline_change_rate_m_per_yr": 0.0 }, "geometry": { "type": "Point", "coordinates": [ 72.6875, 21.5625 ] } },
{ "type": "Feature", "properties": { "latitude": 21.5625, "longitude": 69.5625, "region": "Gujarat, Daman & Diu", "map_sheet_no": "41G10SW", "edition_year": 2021, "years_elapsed": 10, "erosion_length_km": 0.0, "erosion_area_ha": 0.0, "accretion_length_km": 0.0, "accretion_area_ha": 0.0, "stable_length_km": 1.43, "shoreline_change_rate_m_per_yr": 0.0 }, "geometry": { "type": "Point", "coordinates": [ 69.5625, 21.5625 ] } },
{ "type": "Feature", "properties": { "latitude": 21.5625, "longitude": 69.6875, "region": "Gujarat, Daman & Diu", "map_sheet_no": "41G10SE", "edition_year": 2021, "years_elapsed": 10, "erosion_length_km": 0.0, "erosion_area_ha": 0.35, "accretion_length_km": 0.42, "accretion_area_ha": 2.34, "stable_length_km": 17.08, "shoreline_change_rate_m_per_yr": 5.571 }, "geometry": { "type": "Point", "coordinates": [ 69.6875, 21.5625 ] } },
{ "type": "Feature", "properties": { "latitude": 21.5625, "longitude": 72.3125, "region": "Gujarat, Daman & Diu", "map_sheet_no": "46C06SW", "edition_year": 2021, "years_elapsed": 10, "erosion_length_km": 2.66, "erosion_area_ha": 4.45, "accretion_length_km": 0.17, "accretion_area_ha": 0.22, "stable_length_km": 12.49, "shoreline_change_rate_m_per_yr": -1.495 }, "geometry": { "type": "Point", "coordinates": [ 72.3125, 21.5625 ] } },
{ "type": "Feature", "properties": { "latitude": 21.4375, "longitude": 72.6875, "region": "Gujarat, Daman & Diu", "map_sheet_no": "46C11NE", "edition_year": 2021, "years_elapsed": 10, "erosion_length_km": 1.62, "erosion_area_ha": 7.37, "accretion_length_km": 0.79, "accretion_area_ha": 2.31, "stable_length_km": 8.33, "shoreline_change_rate_m_per_yr": -2.1 }, "geometry": { "type": "Point", "coordinates": [ 72.6875, 21.4375 ] } },
{ "type": "Feature", "properties": { "latitude": 21.4375, "longitude": 69.6875, "region": "Gujarat, Daman & Diu", "map_sheet_no": "41G11NE", "edition_year": 2021, "years_elapsed": 10, "erosion_length_km": 0.0, "erosion_area_ha": 0.0, "accretion_length_km": 0.0, "accretion_area_ha": 0.0, "stable_length_km": 1.67, "shoreline_change_rate_m_per_yr": 0.0 }, "geometry": { "type": "Point", "coordinates": [ 69.6875, 21.4375 ] } },
{ "type": "Feature", "properties": { "latitude": 21.4375, "longitude": 72.3125, "region": "Gujarat, Daman & Diu", "map_sheet_no": "46C07NW", "edition_year": 2021, "years_elapsed": 10, "erosion_length_km": 0.0, "erosion_area_ha": 0.0, "accretion_length_km": 0.0, "accretion_area_ha": 0.0, "stable_length_km": 0.98, "shoreline_change_rate_m_per_yr": 0.0 }, "geometry": { "type": "Point", "coordinates": [ 72.3125, 21.4375 ] } },
{ "type": "Feature", "properties": { "latitude": 21.4375, "longitude": 69.8125, "region": "Gujarat, Daman & Diu", "map_sheet_no": "41G15NW", "edition_year": 2021, "years_elapsed": 10, "erosion_length_km": 0.42, "erosion_area_ha": 2.21, "accretion_length_km": 0.0, "accretion_area_ha": 0.0, "stable_length_km": 15.77, "shoreline_change_rate_m_per_yr": -5.262 }, "geometry": { "type": "Point", "coordinates": [ 69.8125, 21.4375 ] } },
{ "type": "Feature", "properties": { "latitude": 21.4375, "longitude": 72.1875, "region": "Gujarat, Daman & Diu", "map_sheet_no": "46C03NE", "edition_year": 2021, "years_elapsed": 10, "erosion_length_km": 1.13, "erosion_area_ha": 2.46, "accretion_length_km": 1.39, "accretion_area_ha": 1.71, "stable_length_km": 14.26, "shoreline_change_rate_m_per_yr": -0.298 }, "geometry": { "type": "Point", "coordinates": [ 72.1875, 21.4375 ] } },
{ "type": "Feature", "properties": { "latitude": 21.3125, "longitude": 72.6875, "region": "Gujarat, Daman & Diu", "map_sheet_no": "46C11SE", "edition_year": 2021, "years_elapsed": 10, "erosion_length_km": 3.54, "erosion_area_ha": 7.25, "accretion_length_km": 0.11, "accretion_area_ha": 0.12, "stable_length_km": 7.82, "shoreline_change_rate_m_per_yr": -1.953 }, "geometry": { "type": "Point", "coordinates": [ 72.6875, 21.3125 ] } },
{ "type": "Feature", "properties": { "latitude": 21.3125, "longitude": 72.5625, "region": "Gujarat, Daman & Diu", "map_sheet_no": "46C11SW", "edition_year": 2021, "years_elapsed": 10, "erosion_length_km": 0.0, "erosion_area_ha": 0.0, "accretion_length_km": 0.0, "accretion_area_ha": 0.0, "stable_length_km": 1.54, "shoreline_change_rate_m_per_yr": 0.0 }, "geometry": { "type": "Point", "coordinates": [ 72.5625, 21.3125 ] } },
{ "type": "Feature", "properties": { "latitude": 21.3125, "longitude": 69.8125, "region": "Gujarat, Daman & Diu", "map_sheet_no": "41G15SW", "edition_year": 2021, "years_elapsed": 10, "erosion_length_km": 0.0, "erosion_area_ha": 0.0, "accretion_length_km": 0.0, "accretion_area_ha": 0.0, "stable_length_km": 3.86, "shoreline_change_rate_m_per_yr": 0.0 }, "geometry": { "type": "Point", "coordinates": [ 69.8125, 21.3125 ] } },
{ "type": "Feature", "properties": { "latitude": 21.3125, "longitude": 72.1875, "region": "Gujarat, Daman & Diu", "map_sheet_no": "46C03SE", "edition_year": 2021, "years_elapsed": 10, "erosion_length_km": 0.62, "erosion_area_ha": 0.86, "accretion_length_km": 0.2, "accretion_area_ha": 0.38, "stable_length_km": 5.78, "shoreline_change_rate_m_per_yr": -0.585 }, "geometry": { "type": "Point", "coordinates": [ 72.1875, 21.3125 ] } },
{ "type": "Feature", "properties": { "latitude": 21.3125, "longitude": 69.9375, "region": "Gujarat, Daman & Diu", "map_sheet_no": "41G15SE", "edition_year": 2021, "years_elapsed": 10, "erosion_length_km": 0.0, "erosion_area_ha": 0.0, "accretion_length_km": 0.0, "accretion_area_ha": 0.0, "stable_length_km": 14.03, "shoreline_change_rate_m_per_yr": 0.0 }, "geometry": { "type": "Point", "coordinates": [ 69.9375, 21.3125 ] } },
{ "type": "Feature", "properties": { "latitude": 21.3125, "longitude": 72.0625, "region": "Gujarat, Daman & Diu", "map_sheet_no": "46C03SW", "edition_year": 2021, "years_elapsed": 10, "erosion_length_km": 2.76, "erosion_area_ha": 4.14, "accretion_length_km": 1.53, "accretion_area_ha": 2.05, "stable_length_km": 5.92, "shoreline_change_rate_m_per_yr": -0.487 }, "geometry": { "type": "Point", "coordinates": [ 72.0625, 21.3125 ] } },
{ "type": "Feature", "properties": { "latitude": 21.1875, "longitude": 72.6875, "region": "Gujarat, Daman & Diu", "map_sheet_no": "46C12NE", "edition_year": 2021, "years_elapsed": 10, "erosion_length_km": 1.46, "erosion_area_ha": 3.1, "accretion_length_km": 0.37, "accretion_area_ha": 0.4, "stable_length_km": 12.39, "shoreline_change_rate_m_per_yr": -1.475 }, "geometry": { "type": "Point", "coordinates": [ 72.6875, 21.1875 ] } },
{ "type": "Feature", "properties": { "latitude": 21.1875, "longitude": 69.9375, "region": "Gujarat, Daman & Diu", "map_sheet_no": "41G16NE", "edition_year": 2021, "years_elapsed": 10, "erosion_length_km": 0.0, "erosion_area_ha": 0.0, "accretion_length_km": 0.0, "accretion_area_ha": 0.0, "stable_length_km": 6.27, "shoreline_change_rate_m_per_yr": 0.0 }, "geometry": { "type": "Point", "coordinates": [ 69.9375, 21.1875 ] } },
{ "type": "Feature", "properties": { "latitude": 21.1875, "longitude": 72.0625, "region": "Gujarat, Daman & Diu", "map_sheet_no": "46C04NW", "edition_year": 2021, "years_elapsed": 10, "erosion_length_km": 0.47, "erosion_area_ha": 0.71, "accretion_length_km": 1.03, "accretion_area_ha": 2.41, "stable_length_km": 22.4, "shoreline_change_rate_m_per_yr": 1.133 }, "geometry": { "type": "Point", "coordinates": [ 72.0625, 21.1875 ] } },
{ "type": "Feature", "properties": { "latitude": 21.1875, "longitude": 70.0625, "region": "Gujarat, Daman & Diu", "map_sheet_no": "41K04NW", "edition_year": 2021, "years_elapsed": 10, "erosion_length_km": 0.13, "erosion_area_ha": 0.43, "accretion_length_km": 0.0, "accretion_area_ha": 0.0, "stable_length_km": 12.48, "shoreline_change_rate_m_per_yr": -3.308 }, "geometry": { "type": "Point", "coordinates": [ 70.0625, 21.1875 ] } },
{ "type": "Feature", "properties": { "latitude": 21.1875, "longitude": 71.9375, "region": "Gujarat, Daman & Diu", "map_sheet_no": "41O16NE", "edition_year": 2021, "years_elapsed": 10, "erosion_length_km": 0.0, "erosion_area_ha": 0.0, "accretion_length_km": 1.35, "accretion_area_ha": 1.69, "stable_length_km": 2.77, "shoreline_change_rate_m_per_yr": 1.252 }, "geometry": { "type": "Point", "coordinates": [ 71.9375, 21.1875 ] } },
{ "type": "Feature", "properties": { "latitude": 21.0625, "longitude": 72.6875, "region": "Gujarat, Daman & Diu", "map_sheet_no": "46C12SE", "edition_year": 2021, "years_elapsed": 10, "erosion_length_km": 2.22, "erosion_area_ha": 4.95, "accretion_length_km": 4.01, "accretion_area_ha": 16.47, "stable_length_km": 9.37, "shoreline_change_rate_m_per_yr": 1.849 }, "geometry": { "type": "Point", "coordinates": [ 72.6875, 21.0625 ] } },
{ "type": "Feature", "properties": { "latitude": 21.0625, "longitude": 72.5625, "region": "Gujarat, Daman & Diu", "map_sheet_no": "46C12SW", "edition_year": 2021, "years_elapsed": 10, "erosion_length_km": 0.0, "erosion_area_ha": 0.0, "accretion_length_km": 0.0, "accretion_area_ha": 0.0, "stable_length_km": 1.55, "shoreline_change_rate_m_per_yr": 0.0 }, "geometry": { "type": "Point", "coordinates": [ 72.5625, 21.0625 ] } },
{ "type": "Feature", "properties": { "latitude": 21.0625, "longitude": 70.0625, "region": "Gujarat, Daman & Diu", "map_sheet_no": "41K04SW", "edition_year": 2021, "years_elapsed": 10, "erosion_length_km": 0.0, "erosion_area_ha": 0.0, "accretion_length_km": 0.0, "accretion_area_ha": 0.0, "stable_length_km": 5.8, "shoreline_change_rate_m_per_yr": 0.0 }, "geometry": { "type": "Point", "coordinates": [ 70.0625, 21.0625 ] } },
{ "type": "Feature", "properties": { "latitude": 21.0625, "longitude": 71.9375, "region": "Gujarat, Daman & Diu", "map_sheet_no": "41O16SE", "edition_year": 2021, "years_elapsed": 10, "erosion_length_km": 0.0, "erosion_area_ha": 0.0, "accretion_length_km": 0.0, "accretion_area_ha": 0.0, "stable_length_km": 13.45, "shoreline_change_rate_m_per_yr": 0.0 }, "geometry": { "type": "Point", "coordinates": [ 71.9375, 21.0625 ] } },
{ "type": "Feature", "properties": { "latitude": 21.0625, "longitude": 70.1875, "region": "Gujarat, Daman & Diu", "map_sheet_no": "41K04SE", "edition_year": 2021, "years_elapsed": 10, "erosion_length_km": 0.0, "erosion_area_ha": 0.0, "accretion_length_km": 0.89, "accretion_area_ha": 2.24, "stable_length_km": 13.83, "shoreline_change_rate_m_per_yr": 2.517 }, "geometry": { "type": "Point", "coordinates": [ 70.1875, 21.0625 ] } },
{ "type": "Feature", "properties": { "latitude": 21.0625, "longitude": 71.8125, "region": "Gujarat, Daman & Diu", "map_sheet_no": "41O16SW", "edition_year": 2021, "years_elapsed": 10, "erosion_length_km": 0.21, "erosion_area_ha": 0.38, "accretion_length_km": 0.78, "accretion_area_ha": 0.95, "stable_length_km": 22.43, "shoreline_change_rate_m_per_yr": 0.576 }, "geometry": { "type": "Point", "coordinates": [ 71.8125, 21.0625 ] } },
{ "type": "Feature", "properties": { "latitude": 21.0625, "longitude": 71.6875, "region": "Gujarat, Daman & Diu", "map_sheet_no": "41O12SE", "edition_year": 2021, "years_elapsed": 10, "erosion_length_km": 0.21, "erosion_area_ha": 0.11, "accretion_length_km": 0.0, "accretion_area_ha": 0.0, "stable_length_km": 8.92, "shoreline_change_rate_m_per_yr": -0.524 }, "geometry": { "type": "Point", "coordinates": [ 71.6875, 21.0625 ] } },
{ "type": "Feature", "properties": { "latitude": 20.9375, "longitude": 72.8125, "region": "Gujarat, Daman & Diu", "map_sheet_no": "46D13NW", "edition_year": 2021, "years_elapsed": 10, "erosion_length_km": 7.25, "erosion_area_ha": 24.81, "accretion_length_km": 0.79, "accretion_area_ha": 3.7, "stable_length_km": 3.29, "shoreline_change_rate_m_per_yr": -2.626 }, "geometry": { "type": "Point", "coordinates": [ 72.8125, 20.9375 ] } },
{ "type": "Feature", "properties": { "latitude": 20.9375, "longitude": 72.6875, "region": "Gujarat, Daman & Diu", "map_sheet_no": "46D09NE", "edition_year": 2021, "years_elapsed": 10, "erosion_length_km": 0.0, "erosion_area_ha": 0.01, "accretion_length_km": 0.0, "accretion_area_ha": 0.0, "stable_length_km": 5.38, "shoreline_change_rate_m_per_yr": 0.0 }, "geometry": { "type": "Point", "coordinates": [ 72.6875, 20.9375 ] } },
{ "type": "Feature", "properties": { "latitude": 20.9375, "longitude": 70.1875, "region": "Gujarat, Daman & Diu", "map_sheet_no": "41L01NE", "edition_year": 2021, "years_elapsed": 10, "erosion_length_km": 0.39, "erosion_area_ha": 1.44, "accretion_length_km": 0.0, "accretion_area_ha": 0.0, "stable_length_km": 2.4, "shoreline_change_rate_m_per_yr": -3.692 }, "geometry": { "type": "Point", "coordinates": [ 70.1875, 20.9375 ] } },
{ "type": "Feature", "properties": { "latitude": 20.9375, "longitude": 70.3125, "region": "Gujarat, Daman & Diu", "map_sheet_no": "41L05NW", "edition_year": 2021, "years_elapsed": 10, "erosion_length_km": 0.0, "erosion_area_ha": 0.0, "accretion_length_km": 0.14, "accretion_area_ha": 0.67, "stable_length_km": 15.42, "shoreline_change_rate_m_per_yr": 4.786 }, "geometry": { "type": "Point", "coordinates": [ 70.3125, 20.9375 ] } },
{ "type": "Feature", "properties": { "latitude": 20.9375, "longitude": 71.6875, "region": "Gujarat, Daman & Diu", "map_sheet_no": "41P09NE", "edition_year": 2021, "years_elapsed": 10, "erosion_length_km": 0.95, "erosion_area_ha": 1.18, "accretion_length_km": 0.53, "accretion_area_ha": 1.96, "stable_length_km": 7.44, "shoreline_change_rate_m_per_yr": 0.527 }, "geometry": { "type": "Point", "coordinates": [ 71.6875, 20.9375 ] } },
{ "type": "Feature", "properties": { "latitude": 20.9375, "longitude": 70.4375, "region": "Gujarat, Daman & Diu", "map_sheet_no": "41L05NE", "edition_year": 2021, "years_elapsed": 10, "erosion_length_km": 0.37, "erosion_area_ha": 1.56, "accretion_length_km": 1.77, "accretion_area_ha": 10.6, "stable_length_km": 2.67, "shoreline_change_rate_m_per_yr": 4.224 }, "geometry": { "type": "Point", "coordinates": [ 70.4375, 20.9375 ] } },
{ "type": "Feature", "properties": { "latitude": 20.9375, "longitude": 71.5625, "region": "Gujarat, Daman & Diu", "map_sheet_no": "41P09NW", "edition_year": 2021, "years_elapsed": 10, "erosion_length_km": 0.51, "erosion_area_ha": 0.65, "accretion_length_km": 0.19, "accretion_area_ha": 3.0, "stable_length_km": 13.57, "shoreline_change_rate_m_per_yr": 3.357 }, "geometry": { "type": "Point", "coordinates": [ 71.5625, 20.9375 ] } },
{ "type": "Feature", "properties": { "latitude": 20.9375, "longitude": 71.4375, "region": "Gujarat, Daman & Diu", "map_sheet_no": "41P05NE", "edition_year": 2021, "years_elapsed": 10, "erosion_length_km": 0.0, "erosion_area_ha": 0.0, "accretion_length_km": 0.0, "accretion_area_ha": 0.0, "stable_length_km": 8.5, "shoreline_change_rate_m_per_yr": 0.0 }, "geometry": { "type": "Point", "coordinates": [ 71.4375, 20.9375 ] } },
{ "type": "Feature", "properties": { "latitude": 20.8125, "longitude": 72.8125, "region": "Gujarat, Daman & Diu", "map_sheet_no": "46D13SW", "edition_year": 2021, "years_elapsed": 10, "erosion_length_km": 5.32, "erosion_area_ha": 12.0, "accretion_length_km": 1.73, "accretion_area_ha": 2.29, "stable_length_km": 4.32, "shoreline_change_rate_m_per_yr": -1.377 }, "geometry": { "type": "Point", "coordinates": [ 72.8125, 20.8125 ] } },
{ "type": "Feature", "properties": { "latitude": 20.8125, "longitude": 70.4375, "region": "Gujarat, Daman & Diu", "map_sheet_no": "41L05SE", "edition_year": 2021, "years_elapsed": 10, "erosion_length_km": 0.53, "erosion_area_ha": 0.95, "accretion_length_km": 0.17, "accretion_area_ha": 0.35, "stable_length_km": 11.2, "shoreline_change_rate_m_per_yr": -0.857 }, "geometry": { "type": "Point", "coordinates": [ 70.4375, 20.8125 ] } },
{ "type": "Feature", "properties": { "latitude": 20.8125, "longitude": 70.5625, "region": "Gujarat, Daman & Diu", "map_sheet_no": "41L09SW", "edition_year": 2021, "years_elapsed": 10, "erosion_length_km": 0.51, "erosion_area_ha": 0.82, "accretion_length_km": 0.0, "accretion_area_ha": 0.38, "stable_length_km": 16.08, "shoreline_change_rate_m_per_yr": -1.608 }, "geometry": { "type": "Point", "coordinates": [ 70.5625, 20.8125 ] } },
{ "type": "Feature", "properties": { "latitude": 20.8125, "longitude": 71.4375, "region": "Gujarat, Daman & Diu", "map_sheet_no": "41P05SE", "edition_year": 2021, "years_elapsed": 10, "erosion_length_km": 0.0, "erosion_area_ha": 0.0, "accretion_length_km": 0.0, "accretion_area_ha": 0.0, "stable_length_km": 9.69, "shoreline_change_rate_m_per_yr": 0.0 }, "geometry": { "type": "Point", "coordinates": [ 71.4375, 20.8125 ] } },
{ "type": "Feature", "properties": { "latitude": 20.8125, "longitude": 70.6875, "region": "Gujarat, Daman & Diu", "map_sheet_no": "41L09SE", "edition_year": 2021, "years_elapsed": 10, "erosion_length_km": 0.18, "erosion_area_ha": 0.4, "accretion_length_km": 0.07, "accretion_area_ha": 0.14, "stable_length_km": 6.92, "shoreline_change_rate_m_per_yr": -1.04 }, "geometry": { "type": "Point", "coordinates": [ 70.6875, 20.8125 ] } },
{ "type": "Feature", "properties": { "latitude": 20.8125, "longitude": 71.3125, "region": "Gujarat, Daman & Diu", "map_sheet_no": "41P05SW", "edition_year": 2021, "years_elapsed": 10, "erosion_length_km": 0.0, "erosion_area_ha": 0.0, "accretion_length_km": 0.0, "accretion_area_ha": 0.0, "stable_length_km": 16.98, "shoreline_change_rate_m_per_yr": 0.0 }, "geometry": { "type": "Point", "coordinates": [ 71.3125, 20.8125 ] } },
{ "type": "Feature", "properties": { "latitude": 20.8125, "longitude": 71.1875, "region": "Gujarat, Daman & Diu", "map_sheet_no": "41P01SE", "edition_year": 2021, "years_elapsed": 10, "erosion_length_km": 0.23, "erosion_area_ha": 1.78, "accretion_length_km": 0.53, "accretion_area_ha": 2.49, "stable_length_km": 15.12, "shoreline_change_rate_m_per_yr": 0.934 }, "geometry": { "type": "Point", "coordinates": [ 71.1875, 20.8125 ] } },
{ "type": "Feature", "properties": { "latitude": 20.8125, "longitude": 71.0625, "region": "Gujarat, Daman & Diu", "map_sheet_no": "41P01SW", "edition_year": 2021, "years_elapsed": 10, "erosion_length_km": 0.0, "erosion_area_ha": 0.0, "accretion_length_km": 0.0, "accretion_area_ha": 0.0, "stable_length_km": 5.16, "shoreline_change_rate_m_per_yr": 0.0 }, "geometry": { "type": "Point", "coordinates": [ 71.0625, 20.8125 ] } },
{ "type": "Feature", "properties": { "latitude": 20.6875, "longitude": 72.9375, "region": "Gujarat, Daman & Diu", "map_sheet_no": "46D14NE", "edition_year": 2021, "years_elapsed": 10, "erosion_length_km": 2.19, "erosion_area_ha": 10.09, "accretion_length_km": 0.0, "accretion_area_ha": 0.0, "stable_length_km": 0.38, "shoreline_change_rate_m_per_yr": -4.607 }, "geometry": { "type": "Point", "coordinates": [ 72.9375, 20.6875 ] } },
{ "type": "Feature", "properties": { "latitude": 20.6875, "longitude": 72.8125, "region": "Gujarat, Daman & Diu", "map_sheet_no": "46D14NW", "edition_year": 2021, "years_elapsed": 10, "erosion_length_km": 3.34, "erosion_area_ha": 10.03, "accretion_length_km": 0.0, "accretion_area_ha": 0.0, "stable_length_km": 5.4, "shoreline_change_rate_m_per_yr": -3.003 }, "geometry": { "type": "Point", "coordinates": [ 72.8125, 20.6875 ] } },
{ "type": "Feature", "properties": { "latitude": 20.6875, "longitude": 70.6875, "region": "Gujarat, Daman & Diu", "map_sheet_no": "41L10NE", "edition_year": 2021, "years_elapsed": 10, "erosion_length_km": 0.0, "erosion_area_ha": 0.0, "accretion_length_km": 0.0, "accretion_area_ha": 0.0, "stable_length_km": 7.76, "shoreline_change_rate_m_per_yr": 0.0 }, "geometry": { "type": "Point", "coordinates": [ 70.6875, 20.6875 ] } },
{ "type": "Feature", "properties": { "latitude": 20.6875, "longitude": 70.8125, "region": "Gujarat, Daman & Diu", "map_sheet_no": "41L14NW", "edition_year": 2021, "years_elapsed": 10, "erosion_length_km": 0.34, "erosion_area_ha": 0.61, "accretion_length_km": 0.0, "accretion_area_ha": 0.0, "stable_length_km": 17.01, "shoreline_change_rate_m_per_yr": -1.794 }, "geometry": { "type": "Point", "coordinates": [ 70.8125, 20.6875 ] } },
{ "type": "Feature", "properties": { "latitude": 20.6875, "longitude": 70.9375, "region": "Gujarat, Daman & Diu", "map_sheet_no": "41L14NE", "edition_year": 2021, "years_elapsed": 10, "erosion_length_km": 0.54, "erosion_area_ha": 1.5, "accretion_length_km": 0.0, "accretion_area_ha": 0.0, "stable_length_km": 20.25, "shoreline_change_rate_m_per_yr": -2.778 }, "geometry": { "type": "Point", "coordinates": [ 70.9375, 20.6875 ] } },
{ "type": "Feature", "properties": { "latitude": 20.6875, "longitude": 71.0625, "region": "Gujarat, Daman & Diu", "map_sheet_no": "41P02NW", "edition_year": 2021, "years_elapsed": 10, "erosion_length_km": 0.0, "erosion_area_ha": 0.0, "accretion_length_km": 0.0, "accretion_area_ha": 0.0, "stable_length_km": 11.56, "shoreline_change_rate_m_per_yr": 0.0 }, "geometry": { "type": "Point", "coordinates": [ 71.0625, 20.6875 ] } },
{ "type": "Feature", "properties": { "latitude": 20.5625, "longitude": 72.9375, "region": "Gujarat, Daman & Diu", "map_sheet_no": "46D14SE", "edition_year": 2021, "years_elapsed": 10, "erosion_length_km": 1.68, "erosion_area_ha": 2.71, "accretion_length_km": 2.06, "accretion_area_ha": 6.4, "stable_length_km": 10.24, "shoreline_change_rate_m_per_yr": 0.987 }, "geometry": { "type": "Point", "coordinates": [ 72.9375, 20.5625 ] } },
{ "type": "Feature", "properties": { "latitude": 20.4375, "longitude": 72.9375, "region": "Gujarat, Daman & Diu", "map_sheet_no": "46D15NE", "edition_year": 2021, "years_elapsed": 10, "erosion_length_km": 0.21, "erosion_area_ha": 0.88, "accretion_length_km": 0.0, "accretion_area_ha": 0.0, "stable_length_km": 0.0, "shoreline_change_rate_m_per_yr": -4.19 }, "geometry": { "type": "Point", "coordinates": [ 72.9375, 20.4375 ] } },
{ "type": "Feature", "properties": { "latitude": 20.4375, "longitude": 72.8125, "region": "Gujarat, Daman & Diu", "map_sheet_no": "46D15NW", "edition_year": 2021, "years_elapsed": 10, "erosion_length_km": 3.74, "erosion_area_ha": 8.74, "accretion_length_km": 1.05, "accretion_area_ha": 1.56, "stable_length_km": 10.47, "shoreline_change_rate_m_per_yr": -1.499 }, "geometry": { "type": "Point", "coordinates": [ 72.8125, 20.4375 ] } },
{ "type": "Feature", "properties": { "latitude": 20.3125, "longitude": 72.8125, "region": "Gujarat, Daman & Diu", "map_sheet_no": "46D15SW", "edition_year": 2021, "years_elapsed": 10, "erosion_length_km": 4.37, "erosion_area_ha": 8.16, "accretion_length_km": 0.37, "accretion_area_ha": 0.61, "stable_length_km": 12.94, "shoreline_change_rate_m_per_yr": -1.593 }, "geometry": { "type": "Point", "coordinates": [ 72.8125, 20.3125 ] } },
{ "type": "Feature", "properties": { "latitude": 20.3125, "longitude": 72.6875, "region": "Gujarat, Daman & Diu", "map_sheet_no": "46D11SE", "edition_year": 2021, "years_elapsed": 10, "erosion_length_km": 0.0, "erosion_area_ha": 0.0, "accretion_length_km": 0.22, "accretion_area_ha": 0.5, "stable_length_km": 0.83, "shoreline_change_rate_m_per_yr": 2.273 }, "geometry": { "type": "Point", "coordinates": [ 72.6875, 20.3125 ] } },
{ "type": "Feature", "properties": { "latitude": 20.1875, "longitude": 72.8125, "region": "Gujarat, Daman & Diu", "map_sheet_no": "46D16NW", "edition_year": 2021, "years_elapsed": 10, "erosion_length_km": 0.0, "erosion_area_ha": 0.0, "accretion_length_km": 0.0, "accretion_area_ha": 0.0, "stable_length_km": 0.25, "shoreline_change_rate_m_per_yr": 0.0 }, "geometry": { "type": "Point", "coordinates": [ 72.8125, 20.1875 ] } },
{ "type": "Feature", "properties": { "latitude": 20.1875, "longitude": 72.6875, "region": "Gujarat, Daman & Diu", "map_sheet_no": "46D12NE", "edition_year": 2021, "years_elapsed": 10, "erosion_length_km": 4.62, "erosion_area_ha": 6.9, "accretion_length_km": 0.01, "accretion_area_ha": 0.0, "stable_length_km": 8.15, "shoreline_change_rate_m_per_yr": -1.49 }, "geometry": { "type": "Point", "coordinates": [ 72.6875, 20.1875 ] } },
{ "type": "Feature", "properties": { "latitude": 14.9375, "longitude": 74.0625, "region": "Karnataka", "map_sheet_no": "48J01NW", "edition_year": 2021, "years_elapsed": 10, "erosion_length_km": 0.0, "erosion_area_ha": 0.0, "accretion_length_km": 0.91, "accretion_area_ha": 1.06, "stable_length_km": 2.28, "shoreline_change_rate_m_per_yr": 1.165 }, "geometry": { "type": "Point", "coordinates": [ 74.0625, 14.9375 ] } },
{ "type": "Feature", "properties": { "latitude": 14.8125, "longitude": 74.0625, "region": "Karnataka", "map_sheet_no": "48J01SW", "edition_year": 2021, "years_elapsed": 10, "erosion_length_km": 1.57, "erosion_area_ha": 4.03, "accretion_length_km": 2.36, "accretion_area_ha": 5.81, "stable_length_km": 13.34, "shoreline_change_rate_m_per_yr": 0.453 }, "geometry": { "type": "Point", "coordinates": [ 74.0625, 14.8125 ] } },
{ "type": "Feature", "properties": { "latitude": 14.8125, "longitude": 74.1875, "region": "Karnataka", "map_sheet_no": "48J01SE", "edition_year": 2021, "years_elapsed": 10, "erosion_length_km": 0.72, "erosion_area_ha": 2.25, "accretion_length_km": 1.77, "accretion_area_ha": 10.09, "stable_length_km": 8.16, "shoreline_change_rate_m_per_yr": 3.149 }, "geometry": { "type": "Point", "coordinates": [ 74.1875, 14.8125 ] } },
{ "type": "Feature", "properties": { "latitude": 14.6875, "longitude": 74.1875, "region": "Karnataka", "map_sheet_no": "48J02NE", "edition_year": 2021, "years_elapsed": 10, "erosion_length_km": 0.33, "erosion_area_ha": 0.68, "accretion_length_km": 0.71, "accretion_area_ha": 1.44, "stable_length_km": 16.34, "shoreline_change_rate_m_per_yr": 0.731 }, "geometry": { "type": "Point", "coordinates": [ 74.1875, 14.6875 ] } },
{ "type": "Feature", "properties": { "latitude": 14.6875, "longitude": 74.3125, "region": "Karnataka", "map_sheet_no": "48J06NW", "edition_year": 2021, "years_elapsed": 10, "erosion_length_km": 0.7, "erosion_area_ha": 1.91, "accretion_length_km": 5.36, "accretion_area_ha": 13.81, "stable_length_km": 16.14, "shoreline_change_rate_m_per_yr": 1.964 }, "geometry": { "type": "Point", "coordinates": [ 74.3125, 14.6875 ] } },
{ "type": "Feature", "properties": { "latitude": 14.5625, "longitude": 74.3125, "region": "Karnataka", "map_sheet_no": "48J06SW", "edition_year": 2021, "years_elapsed": 10, "erosion_length_km": 0.48, "erosion_area_ha": 2.11, "accretion_length_km": 5.41, "accretion_area_ha": 13.47, "stable_length_km": 20.07, "shoreline_change_rate_m_per_yr": 1.929 }, "geometry": { "type": "Point", "coordinates": [ 74.3125, 14.5625 ] } },
{ "type": "Feature", "properties": { "latitude": 14.4375, "longitude": 74.3125, "region": "Karnataka", "map_sheet_no": "48J07NW", "edition_year": 2021, "years_elapsed": 10, "erosion_length_km": 0.16, "erosion_area_ha": 0.1, "accretion_length_km": 0.0, "accretion_area_ha": 0.0, "stable_length_km": 4.4, "shoreline_change_rate_m_per_yr": -0.625 }, "geometry": { "type": "Point", "coordinates": [ 74.3125, 14.4375 ] } },
{ "type": "Feature", "properties": { "latitude": 14.4375, "longitude": 74.4375, "region": "Karnataka", "map_sheet_no": "48J07NE", "edition_year": 2021, "years_elapsed": 10, "erosion_length_km": 0.33, "erosion_area_ha": 0.38, "accretion_length_km": 2.51, "accretion_area_ha": 3.41, "stable_length_km": 10.25, "shoreline_change_rate_m_per_yr": 1.067 }, "geometry": { "type": "Point", "coordinates": [ 74.4375, 14.4375 ] } },
{ "type": "Feature", "properties": { "latitude": 14.3125, "longitude": 74.4375, "region": "Karnataka", "map_sheet_no": "48J07SE", "edition_year": 2021, "years_elapsed": 10, "erosion_length_km": 4.78, "erosion_area_ha": 9.98, "accretion_length_km": 1.64, "accretion_area_ha": 2.57, "stable_length_km": 9.49, "shoreline_change_rate_m_per_yr": -1.154 }, "geometry": { "type": "Point", "coordinates": [ 74.4375, 14.3125 ] } },
{ "type": "Feature", "properties": { "latitude": 14.1875, "longitude": 74.4375, "region": "Karnataka", "map_sheet_no": "48J08NE", "edition_year": 2021, "years_elapsed": 10, "erosion_length_km": 0.0, "erosion_area_ha": 0.0, "accretion_length_km": 1.68, "accretion_area_ha": 2.01, "stable_length_km": 16.37, "shoreline_change_rate_m_per_yr": 1.196 }, "geometry": { "type": "Point", "coordinates": [ 74.4375, 14.1875 ] } },
{ "type": "Feature", "properties": { "latitude": 14.0625, "longitude": 74.4375, "region": "Karnataka", "map_sheet_no": "48J08SE", "edition_year": 2021, "years_elapsed": 10, "erosion_length_km": 1.35, "erosion_area_ha": 1.97, "accretion_length_km": 0.48, "accretion_area_ha": 0.89, "stable_length_km": 9.08, "shoreline_change_rate_m_per_yr": -0.59 }, "geometry": { "type": "Point", "coordinates": [ 74.4375, 14.0625 ] } },
{ "type": "Feature", "properties": { "latitude": 14.0625, "longitude": 74.5625, "region": "Karnataka", "map_sheet_no": "48J12SW", "edition_year": 2021, "years_elapsed": 10, "erosion_length_km": 0.0, "erosion_area_ha": 0.0, "accretion_length_km": 2.17, "accretion_area_ha": 3.78, "stable_length_km": 3.92, "shoreline_change_rate_m_per_yr": 1.742 }, "geometry": { "type": "Point", "coordinates": [ 74.5625, 14.0625 ] } },
{ "type": "Feature", "properties": { "latitude": 13.9375, "longitude": 74.5625, "region": "Karnataka", "map_sheet_no": "48K09NW", "edition_year": 2021, "years_elapsed": 10, "erosion_length_km": 3.2, "erosion_area_ha": 2.62, "accretion_length_km": 0.89, "accretion_area_ha": 1.56, "stable_length_km": 17.77, "shoreline_change_rate_m_per_yr": -0.259 }, "geometry": { "type": "Point", "coordinates": [ 74.5625, 13.9375 ] } },
{ "type": "Feature", "properties": { "latitude": 13.8125, "longitude": 74.5625, "region": "Karnataka", "map_sheet_no": "48K09SW", "edition_year": 2021, "years_elapsed": 10, "erosion_length_km": 0.48, "erosion_area_ha": 0.63, "accretion_length_km": 0.93, "accretion_area_ha": 1.83, "stable_length_km": 7.94, "shoreline_change_rate_m_per_yr": 0.851 }, "geometry": { "type": "Point", "coordinates": [ 74.5625, 13.8125 ] } },
{ "type": "Feature", "properties": { "latitude": 13.8125, "longitude": 74.6875, "region": "Karnataka", "map_sheet_no": "48K09SE", "edition_year": 2021, "years_elapsed": 10, "erosion_length_km": 3.02, "erosion_area_ha": 2.6, "accretion_length_km": 0.56, "accretion_area_ha": 0.95, "stable_length_km": 1.93, "shoreline_change_rate_m_per_yr": -0.461 }, "geometry": { "type": "Point", "coordinates": [ 74.6875, 13.8125 ] } },
{ "type": "Feature", "properties": { "latitude": 13.6875, "longitude": 74.6875, "region": "Karnataka", "map_sheet_no": "48K10NE", "edition_year": 2021, "years_elapsed": 10, "erosion_length_km": 3.14, "erosion_area_ha": 3.58, "accretion_length_km": 4.61, "accretion_area_ha": 8.34, "stable_length_km": 7.52, "shoreline_change_rate_m_per_yr": 0.614 }, "geometry": { "type": "Point", "coordinates": [ 74.6875, 13.6875 ] } },
{ "type": "Feature", "properties": { "latitude": 13.5625, "longitude": 74.6875, "region": "Karnataka", "map_sheet_no": "48K10SE", "edition_year": 2021, "years_elapsed": 10, "erosion_length_km": 0.48, "erosion_area_ha": 0.63, "accretion_length_km": 0.81, "accretion_area_ha": 0.62, "stable_length_km": 13.07, "shoreline_change_rate_m_per_yr": -0.008 }, "geometry": { "type": "Point", "coordinates": [ 74.6875, 13.5625 ] } },
{ "type": "Feature", "properties": { "latitude": 13.4375, "longitude": 74.6875, "region": "Karnataka", "map_sheet_no": "48K11NE", "edition_year": 2021, "years_elapsed": 10, "erosion_length_km": 1.03, "erosion_area_ha": 2.9, "accretion_length_km": 4.53, "accretion_area_ha": 9.24, "stable_length_km": 9.06, "shoreline_change_rate_m_per_yr": 1.14 }, "geometry": { "type": "Point", "coordinates": [ 74.6875, 13.4375 ] } },
{ "type": "Feature", "properties": { "latitude": 13.3125, "longitude": 74.6875, "region": "Karnataka", "map_sheet_no": "48K11SE", "edition_year": 2021, "years_elapsed": 10, "erosion_length_km": 1.33, "erosion_area_ha": 1.67, "accretion_length_km": 0.13, "accretion_area_ha": 0.12, "stable_length_km": 14.1, "shoreline_change_rate_m_per_yr": -1.062 }, "geometry": { "type": "Point", "coordinates": [ 74.6875, 13.3125 ] } },
{ "type": "Feature", "properties": { "latitude": 13.1875, "longitude": 74.6875, "region": "Karnataka", "map_sheet_no": "48K12NE", "edition_year": 2021, "years_elapsed": 10, "erosion_length_km": 0.31, "erosion_area_ha": 0.24, "accretion_length_km": 0.0, "accretion_area_ha": 0.0, "stable_length_km": 7.79, "shoreline_change_rate_m_per_yr": -0.774 }, "geometry": { "type": "Point", "coordinates": [ 74.6875, 13.1875 ] } },
{ "type": "Feature", "properties": { "latitude": 13.1875, "longitude": 74.8125, "region": "Karnataka", "map_sheet_no": "48K16NW", "edition_year": 2021, "years_elapsed": 10, "erosion_length_km": 4.36, "erosion_area_ha": 5.1, "accretion_length_km": 0.39, "accretion_area_ha": 0.61, "stable_length_km": 1.77, "shoreline_change_rate_m_per_yr": -0.945 }, "geometry": { "type": "Point", "coordinates": [ 74.8125, 13.1875 ] } },
{ "type": "Feature", "properties": { "latitude": 13.0625, "longitude": 74.8125, "region": "Karnataka", "map_sheet_no": "48K16SW", "edition_year": 2021, "years_elapsed": 10, "erosion_length_km": 3.11, "erosion_area_ha": 7.96, "accretion_length_km": 2.63, "accretion_area_ha": 17.2, "stable_length_km": 8.23, "shoreline_change_rate_m_per_yr": 1.61 }, "geometry": { "type": "Point", "coordinates": [ 74.8125, 13.0625 ] } },
{ "type": "Feature", "properties": { "latitude": 12.9375, "longitude": 74.8125, "region": "Karnataka", "map_sheet_no": "48L13NW", "edition_year": 2021, "years_elapsed": 10, "erosion_length_km": 4.01, "erosion_area_ha": 8.66, "accretion_length_km": 3.86, "accretion_area_ha": 6.07, "stable_length_km": 6.49, "shoreline_change_rate_m_per_yr": -0.329 }, "geometry": { "type": "Point", "coordinates": [ 74.8125, 12.9375 ] } },
{ "type": "Feature", "properties": { "latitude": 12.8125, "longitude": 74.8125, "region": "Karnataka", "map_sheet_no": "48L13SW", "edition_year": 2021, "years_elapsed": 10, "erosion_length_km": 5.3, "erosion_area_ha": 12.05, "accretion_length_km": 3.4, "accretion_area_ha": 6.51, "stable_length_km": 5.35, "shoreline_change_rate_m_per_yr": -0.637 }, "geometry": { "type": "Point", "coordinates": [ 74.8125, 12.8125 ] } },
{ "type": "Feature", "properties": { "latitude": 12.6875, "longitude": 74.9375, "region": "Kerala", "map_sheet_no": "48L14NE", "edition_year": 2021, "years_elapsed": 10, "erosion_length_km": 0.44, "erosion_area_ha": 0.46, "accretion_length_km": 5.97, "accretion_area_ha": 8.71, "stable_length_km": 6.15, "shoreline_change_rate_m_per_yr": 1.287 }, "geometry": { "type": "Point", "coordinates": [ 74.9375, 12.6875 ] } },
{ "type": "Feature", "properties": { "latitude": 12.4375, "longitude": 74.9375, "region": "Kerala", "map_sheet_no": "48L15NE", "edition_year": 2021, "years_elapsed": 10, "erosion_length_km": 1.2, "erosion_area_ha": 6.87, "accretion_length_km": 3.4, "accretion_area_ha": 14.3, "stable_length_km": 2.65, "shoreline_change_rate_m_per_yr": 1.615 }, "geometry": { "type": "Point", "coordinates": [ 74.9375, 12.4375 ] } },
{ "type": "Feature", "properties": { "latitude": 12.1875, "longitude": 75.1875, "region": "Kerala", "map_sheet_no": "48P04NE", "edition_year": 2021, "years_elapsed": 10, "erosion_length_km": 0.0, "erosion_area_ha": 0.0, "accretion_length_km": 0.0, "accretion_area_ha": 0.0, "stable_length_km": 7.74, "shoreline_change_rate_m_per_yr": 0.0 }, "geometry": { "type": "Point", "coordinates": [ 75.1875, 12.1875 ] } },
{ "type": "Feature", "properties": { "latitude": 11.9375, "longitude": 75.3125, "region": "Kerala", "map_sheet_no": "49M05NW", "edition_year": 2021, "years_elapsed": 10, "erosion_length_km": 4.56, "erosion_area_ha": 6.29, "accretion_length_km": 6.09, "accretion_area_ha": 11.4, "stable_length_km": 7.31, "shoreline_change_rate_m_per_yr": 0.48 }, "geometry": { "type": "Point", "coordinates": [ 75.3125, 11.9375 ] } },
{ "type": "Feature", "properties": { "latitude": 11.8125, "longitude": 75.3125, "region": "Kerala", "map_sheet_no": "49M05SW", "edition_year": 2021, "years_elapsed": 10, "erosion_length_km": 0.1, "erosion_area_ha": 0.04, "accretion_length_km": 0.0, "accretion_area_ha": 0.0, "stable_length_km": 4.9, "shoreline_change_rate_m_per_yr": -0.4 }, "geometry": { "type": "Point", "coordinates": [ 75.3125, 11.8125 ] } },
{ "type": "Feature", "properties": { "latitude": 11.6875, "longitude": 75.5625, "region": "Kerala", "map_sheet_no": "49M10NW", "edition_year": 2021, "years_elapsed": 10, "erosion_length_km": 2.68, "erosion_area_ha": 3.22, "accretion_length_km": 1.44, "accretion_area_ha": 1.73, "stable_length_km": 9.0, "shoreline_change_rate_m_per_yr": -0.362 }, "geometry": { "type": "Point", "coordinates": [ 75.5625, 11.6875 ] } },
{ "type": "Feature", "properties": { "latitude": 11.4375, "longitude": 75.6875, "region": "Kerala", "map_sheet_no": "49M11NE", "edition_year": 2021, "years_elapsed": 10, "erosion_length_km": 1.81, "erosion_area_ha": 2.92, "accretion_length_km": 2.93, "accretion_area_ha": 4.25, "stable_length_km": 12.98, "shoreline_change_rate_m_per_yr": 0.281 }, "geometry": { "type": "Point", "coordinates": [ 75.6875, 11.4375 ] } },
{ "type": "Feature", "properties": { "latitude": 11.3125, "longitude": 75.6875, "region": "Kerala", "map_sheet_no": "49M11SE", "edition_year": 2021, "years_elapsed": 10, "erosion_length_km": 4.54, "erosion_area_ha": 6.09, "accretion_length_km": 0.0, "accretion_area_ha": 0.0, "stable_length_km": 3.0, "shoreline_change_rate_m_per_yr": -1.341 }, "geometry": { "type": "Point", "coordinates": [ 75.6875, 11.3125 ] } },
{ "type": "Feature", "properties": { "latitude": 11.3125, "longitude": 75.8125, "region": "Kerala", "map_sheet_no": "49M15SW", "edition_year": 2021, "years_elapsed": 10, "erosion_length_km": 3.98, "erosion_area_ha": 5.69, "accretion_length_km": 0.0, "accretion_area_ha": 0.0, "stable_length_km": 2.34, "shoreline_change_rate_m_per_yr": -1.43 }, "geometry": { "type": "Point", "coordinates": [ 75.8125, 11.3125 ] } },
{ "type": "Feature", "properties": { "latitude": 11.1875, "longitude": 75.8125, "region": "Kerala", "map_sheet_no": "49M16NW", "edition_year": 2021, "years_elapsed": 10, "erosion_length_km": 5.61, "erosion_area_ha": 5.15, "accretion_length_km": 0.65, "accretion_area_ha": 0.79, "stable_length_km": 9.29, "shoreline_change_rate_m_per_yr": -0.696 }, "geometry": { "type": "Point", "coordinates": [ 75.8125, 11.1875 ] } },
{ "type": "Feature", "properties": { "latitude": 10.9375, "longitude": 75.8125, "region": "Kerala", "map_sheet_no": "49N13NW", "edition_year": 2021, "years_elapsed": 10, "erosion_length_km": 1.66, "erosion_area_ha": 4.02, "accretion_length_km": 0.02, "accretion_area_ha": 0.0, "stable_length_km": 3.42, "shoreline_change_rate_m_per_yr": -2.393 }, "geometry": { "type": "Point", "coordinates": [ 75.8125, 10.9375 ] } },
{ "type": "Feature", "properties": { "latitude": 10.8125, "longitude": 75.9375, "region": "Kerala", "map_sheet_no": "49N13SE", "edition_year": 2021, "years_elapsed": 10, "erosion_length_km": 3.38, "erosion_area_ha": 6.47, "accretion_length_km": 3.25, "accretion_area_ha": 10.1, "stable_length_km": 8.44, "shoreline_change_rate_m_per_yr": 0.548 }, "geometry": { "type": "Point", "coordinates": [ 75.9375, 10.8125 ] } },
{ "type": "Feature", "properties": { "latitude": 10.5625, "longitude": 76.0625, "region": "Kerala", "map_sheet_no": "58B02SW", "edition_year": 2021, "years_elapsed": 10, "erosion_length_km": 5.36, "erosion_area_ha": 11.2, "accretion_length_km": 3.25, "accretion_area_ha": 5.48, "stable_length_km": 2.36, "shoreline_change_rate_m_per_yr": -0.664 }, "geometry": { "type": "Point", "coordinates": [ 76.0625, 10.5625 ] } },
{ "type": "Feature", "properties": { "latitude": 10.1875, "longitude": 76.1875, "region": "Kerala", "map_sheet_no": "58B04NE", "edition_year": 2021, "years_elapsed": 10, "erosion_length_km": 5.34, "erosion_area_ha": 5.66, "accretion_length_km": 0.0, "accretion_area_ha": 0.0, "stable_length_km": 9.43, "shoreline_change_rate_m_per_yr": -1.06 }, "geometry": { "type": "Point", "coordinates": [ 76.1875, 10.1875 ] } },
{ "type": "Feature", "properties": { "latitude": 9.9375, "longitude": 76.3125, "region": "Kerala", "map_sheet_no": "58C05NW", "edition_year": 2021, "years_elapsed": 10, "erosion_length_km": 3.46, "erosion_area_ha": 4.3, "accretion_length_km": 0.0, "accretion_area_ha": 0.0, "stable_length_km": 1.95, "shoreline_change_rate_m_per_yr": -1.243 }, "geometry": { "type": "Point", "coordinates": [ 76.3125, 9.9375 ] } },
{ "type": "Feature", "properties": { "latitude": 9.8125, "longitude": 76.3125, "region": "Kerala", "map_sheet_no": "58C05SW", "edition_year": 2021, "years_elapsed": 10, "erosion_length_km": 1.5, "erosion_area_ha": 0.91, "accretion_length_km": 0.26, "accretion_area_ha": 0.45, "stable_length_km": 12.28, "shoreline_change_rate_m_per_yr": -0.261 }, "geometry": { "type": "Point", "coordinates": [ 76.3125, 9.8125 ] } },
{ "type": "Feature", "properties": { "latitude": 9.3125, "longitude": 76.4375, "region": "Kerala", "map_sheet_no": "58C07SE", "edition_year": 2021, "years_elapsed": 10, "erosion_length_km": 2.74, "erosion_area_ha": 4.6, "accretion_length_km": 2.23, "accretion_area_ha": 12.8, "stable_length_km": 4.67, "shoreline_change_rate_m_per_yr": 1.65 }, "geometry": { "type": "Point", "coordinates": [ 76.4375, 9.3125 ] } },
{ "type": "Feature", "properties": { "latitude": 9.1875, "longitude": 76.4375, "region": "Kerala", "map_sheet_no": "58C08NE", "edition_year": 2021, "years_elapsed": 10, "erosion_length_km": 7.3, "erosion_area_ha": 16.7, "accretion_length_km": 1.39, "accretion_area_ha": 2.73, "stable_length_km": 6.25, "shoreline_change_rate_m_per_yr": -1.608 }, "geometry": { "type": "Point", "coordinates": [ 76.4375, 9.1875 ] } },
{ "type": "Feature", "properties": { "latitude": 8.9375, "longitude": 76.5625, "region": "Kerala", "map_sheet_no": "58D09NW", "edition_year": 2021, "years_elapsed": 10, "erosion_length_km": 0.0, "erosion_area_ha": 0.0, "accretion_length_km": 0.85, "accretion_area_ha": 2.11, "stable_length_km": 15.16, "shoreline_change_rate_m_per_yr": 2.482 }, "geometry": { "type": "Point", "coordinates": [ 76.5625, 8.9375 ] } },
{ "type": "Feature", "properties": { "latitude": 8.6875, "longitude": 76.8125, "region": "Kerala", "map_sheet_no": "58D14NW", "edition_year": 2021, "years_elapsed": 10, "erosion_length_km": 2.5, "erosion_area_ha": 2.54, "accretion_length_km": 1.03, "accretion_area_ha": 3.22, "stable_length_km": 3.9, "shoreline_change_rate_m_per_yr": 0.193 }, "geometry": { "type": "Point", "coordinates": [ 76.8125, 8.6875 ] } },
{ "type": "Feature", "properties": { "latitude": 8.4375, "longitude": 76.9375, "region": "Kerala", "map_sheet_no": "58D15NE", "edition_year": 2021, "years_elapsed": 10, "erosion_length_km": 5.63, "erosion_area_ha": 7.37, "accretion_length_km": 0.77, "accretion_area_ha": 1.72, "stable_length_km": 14.24, "shoreline_change_rate_m_per_yr": -0.883 }, "geometry": { "type": "Point", "coordinates": [ 76.9375, 8.4375 ] } },
{ "type": "Feature", "properties": { "latitude": 12.8125, "longitude": 74.8125, "region": "Kerala", "map_sheet_no": "48L13SW", "edition_year": 2021, "years_elapsed": 10, "erosion_length_km": 0.0, "erosion_area_ha": 0.0, "accretion_length_km": 0.84, "accretion_area_ha": 1.04, "stable_length_km": 0.0, "shoreline_change_rate_m_per_yr": 1.238 }, "geometry": { "type": "Point", "coordinates": [ 74.8125, 12.8125 ] } },
{ "type": "Feature", "properties": { "latitude": 12.6875, "longitude": 74.8125, "region": "Kerala", "map_sheet_no": "48L14NW", "edition_year": 2021, "years_elapsed": 10, "erosion_length_km": 0.0, "erosion_area_ha": 0.0, "accretion_length_km": 1.92, "accretion_area_ha": 4.47, "stable_length_km": 0.0, "shoreline_change_rate_m_per_yr": 2.328 }, "geometry": { "type": "Point", "coordinates": [ 74.8125, 12.6875 ] } },
{ "type": "Feature", "properties": { "latitude": 12.5625, "longitude": 74.9375, "region": "Kerala", "map_sheet_no": "48L14SE", "edition_year": 2021, "years_elapsed": 10, "erosion_length_km": 3.45, "erosion_area_ha": 5.25, "accretion_length_km": 3.23, "accretion_area_ha": 6.87, "stable_length_km": 7.27, "shoreline_change_rate_m_per_yr": 0.243 }, "geometry": { "type": "Point", "coordinates": [ 74.9375, 12.5625 ] } },
{ "type": "Feature", "properties": { "latitude": 12.4375, "longitude": 75.0625, "region": "Kerala", "map_sheet_no": "48P03NW", "edition_year": 2021, "years_elapsed": 10, "erosion_length_km": 3.48, "erosion_area_ha": 4.43, "accretion_length_km": 1.94, "accretion_area_ha": 2.44, "stable_length_km": 4.57, "shoreline_change_rate_m_per_yr": -0.367 }, "geometry": { "type": "Point", "coordinates": [ 75.0625, 12.4375 ] } },
{ "type": "Feature", "properties": { "latitude": 12.3125, "longitude": 75.0625, "region": "Kerala", "map_sheet_no": "48P03SW", "edition_year": 2021, "years_elapsed": 10, "erosion_length_km": 1.58, "erosion_area_ha": 3.07, "accretion_length_km": 3.04, "accretion_area_ha": 5.6, "stable_length_km": 10.65, "shoreline_change_rate_m_per_yr": 0.548 }, "geometry": { "type": "Point", "coordinates": [ 75.0625, 12.3125 ] } },
{ "type": "Feature", "properties": { "latitude": 12.1875, "longitude": 75.0625, "region": "Kerala", "map_sheet_no": "48P04NW", "edition_year": 2021, "years_elapsed": 10, "erosion_length_km": 0.62, "erosion_area_ha": 0.94, "accretion_length_km": 1.76, "accretion_area_ha": 9.55, "stable_length_km": 5.51, "shoreline_change_rate_m_per_yr": 3.618 }, "geometry": { "type": "Point", "coordinates": [ 75.0625, 12.1875 ] } },
{ "type": "Feature", "properties": { "latitude": 12.0625, "longitude": 75.1875, "region": "Kerala", "map_sheet_no": "48P04SE", "edition_year": 2021, "years_elapsed": 10, "erosion_length_km": 2.58, "erosion_area_ha": 2.81, "accretion_length_km": 1.54, "accretion_area_ha": 2.76, "stable_length_km": 17.43, "shoreline_change_rate_m_per_yr": -0.012 }, "geometry": { "type": "Point", "coordinates": [ 75.1875, 12.0625 ] } },
{ "type": "Feature", "properties": { "latitude": 12.0625, "longitude": 75.3125, "region": "Kerala", "map_sheet_no": "48P08SW", "edition_year": 2021, "years_elapsed": 10, "erosion_length_km": 0.0, "erosion_area_ha": 0.0, "accretion_length_km": 0.0, "accretion_area_ha": 0.0, "stable_length_km": 1.03, "shoreline_change_rate_m_per_yr": 0.0 }, "geometry": { "type": "Point", "coordinates": [ 75.3125, 12.0625 ] } },
{ "type": "Feature", "properties": { "latitude": 11.8125, "longitude": 75.4375, "region": "Kerala", "map_sheet_no": "49M05SE", "edition_year": 2021, "years_elapsed": 10, "erosion_length_km": 0.5, "erosion_area_ha": 0.74, "accretion_length_km": 3.35, "accretion_area_ha": 4.27, "stable_length_km": 15.74, "shoreline_change_rate_m_per_yr": 0.917 }, "geometry": { "type": "Point", "coordinates": [ 75.4375, 11.8125 ] } },
{ "type": "Feature", "properties": { "latitude": 11.6875, "longitude": 75.4375, "region": "Kerala", "map_sheet_no": "49M06NE", "edition_year": 2021, "years_elapsed": 10, "erosion_length_km": 1.01, "erosion_area_ha": 0.61, "accretion_length_km": 0.3, "accretion_area_ha": 0.34, "stable_length_km": 1.58, "shoreline_change_rate_m_per_yr": -0.206 }, "geometry": { "type": "Point", "coordinates": [ 75.4375, 11.6875 ] } },
{ "type": "Feature", "properties": { "latitude": 11.5625, "longitude": 75.5625, "region": "Kerala", "map_sheet_no": "49M10SW", "edition_year": 2021, "years_elapsed": 10, "erosion_length_km": 1.91, "erosion_area_ha": 6.46, "accretion_length_km": 1.85, "accretion_area_ha": 2.8, "stable_length_km": 10.7, "shoreline_change_rate_m_per_yr": -0.973 }, "geometry": { "type": "Point", "coordinates": [ 75.5625, 11.5625 ] } },
{ "type": "Feature", "properties": { "latitude": 11.4375, "longitude": 75.5625, "region": "Kerala", "map_sheet_no": "49M11NW", "edition_year": 2021, "years_elapsed": 10, "erosion_length_km": 0.0, "erosion_area_ha": 0.0, "accretion_length_km": 1.28, "accretion_area_ha": 2.07, "stable_length_km": 2.42, "shoreline_change_rate_m_per_yr": 1.617 }, "geometry": { "type": "Point", "coordinates": [ 75.5625, 11.4375 ] } },
{ "type": "Feature", "properties": { "latitude": 11.0625, "longitude": 75.8125, "region": "Kerala", "map_sheet_no": "49M16SW", "edition_year": 2021, "years_elapsed": 10, "erosion_length_km": 3.58, "erosion_area_ha": 4.2, "accretion_length_km": 2.22, "accretion_area_ha": 2.23, "stable_length_km": 8.52, "shoreline_change_rate_m_per_yr": -0.34 }, "geometry": { "type": "Point", "coordinates": [ 75.8125, 11.0625 ] } },
{ "type": "Feature", "properties": { "latitude": 10.9375, "longitude": 75.9375, "region": "Kerala", "map_sheet_no": "49N13NE", "edition_year": 2021, "years_elapsed": 10, "erosion_length_km": 0.0, "erosion_area_ha": 0.0, "accretion_length_km": 5.55, "accretion_area_ha": 8.24, "stable_length_km": 2.97, "shoreline_change_rate_m_per_yr": 1.485 }, "geometry": { "type": "Point", "coordinates": [ 75.9375, 10.9375 ] } },
{ "type": "Feature", "properties": { "latitude": 10.6875, "longitude": 75.9375, "region": "Kerala", "map_sheet_no": "49N14NE", "edition_year": 2021, "years_elapsed": 10, "erosion_length_km": 7.57, "erosion_area_ha": 16.7, "accretion_length_km": 6.25, "accretion_area_ha": 15.8, "stable_length_km": 2.23, "shoreline_change_rate_m_per_yr": -0.065 }, "geometry": { "type": "Point", "coordinates": [ 75.9375, 10.6875 ] } },
{ "type": "Feature", "properties": { "latitude": 10.5625, "longitude": 75.9375, "region": "Kerala", "map_sheet_no": "49N14SE", "edition_year": 2021, "years_elapsed": 10, "erosion_length_km": 0.0, "erosion_area_ha": 0.0, "accretion_length_km": 5.06, "accretion_area_ha": 25.4, "stable_length_km": 0.0, "shoreline_change_rate_m_per_yr": 5.02 }, "geometry": { "type": "Point", "coordinates": [ 75.9375, 10.5625 ] } },
{ "type": "Feature", "properties": { "latitude": 10.4375, "longitude": 76.0625, "region": "Kerala", "map_sheet_no": "58B03NW", "edition_year": 2021, "years_elapsed": 10, "erosion_length_km": 9.16, "erosion_area_ha": 18.9, "accretion_length_km": 4.59, "accretion_area_ha": 8.67, "stable_length_km": 1.82, "shoreline_change_rate_m_per_yr": -0.744 }, "geometry": { "type": "Point", "coordinates": [ 76.0625, 10.4375 ] } },
{ "type": "Feature", "properties": { "latitude": 10.3125, "longitude": 76.1875, "region": "Kerala", "map_sheet_no": "58B03SE", "edition_year": 2021, "years_elapsed": 10, "erosion_length_km": 2.68, "erosion_area_ha": 5.1, "accretion_length_km": 0.0, "accretion_area_ha": 0.0, "stable_length_km": 3.95, "shoreline_change_rate_m_per_yr": -1.903 }, "geometry": { "type": "Point", "coordinates": [ 76.1875, 10.3125 ] } },
{ "type": "Feature", "properties": { "latitude": 10.3125, "longitude": 76.0625, "region": "Kerala", "map_sheet_no": "58B03SW", "edition_year": 2021, "years_elapsed": 10, "erosion_length_km": 1.51, "erosion_area_ha": 1.19, "accretion_length_km": 4.75, "accretion_area_ha": 11.4, "stable_length_km": 2.28, "shoreline_change_rate_m_per_yr": 1.631 }, "geometry": { "type": "Point", "coordinates": [ 76.0625, 10.3125 ] } },
{ "type": "Feature", "properties": { "latitude": 10.0625, "longitude": 76.1875, "region": "Kerala", "map_sheet_no": "58B04SE", "edition_year": 2021, "years_elapsed": 10, "erosion_length_km": 3.66, "erosion_area_ha": 3.84, "accretion_length_km": 5.87, "accretion_area_ha": 11.7, "stable_length_km": 5.11, "shoreline_change_rate_m_per_yr": 0.825 }, "geometry": { "type": "Point", "coordinates": [ 76.1875, 10.0625 ] } },
{ "type": "Feature", "properties": { "latitude": 9.9375, "longitude": 76.1875, "region": "Kerala", "map_sheet_no": "58C01NE", "edition_year": 2021, "years_elapsed": 10, "erosion_length_km": 2.9, "erosion_area_ha": 9.68, "accretion_length_km": 3.82, "accretion_area_ha": 18.3, "stable_length_km": 4.2, "shoreline_change_rate_m_per_yr": 1.283 }, "geometry": { "type": "Point", "coordinates": [ 76.1875, 9.9375 ] } },
{ "type": "Feature", "properties": { "latitude": 9.6875, "longitude": 76.3125, "region": "Kerala", "map_sheet_no": "58C06NW", "edition_year": 2021, "years_elapsed": 10, "erosion_length_km": 4.05, "erosion_area_ha": 17.3, "accretion_length_km": 3.4, "accretion_area_ha": 10.4, "stable_length_km": 6.87, "shoreline_change_rate_m_per_yr": -0.926 }, "geometry": { "type": "Point", "coordinates": [ 76.3125, 9.6875 ] } },
{ "type": "Feature", "properties": { "latitude": 9.5625, "longitude": 76.3125, "region": "Kerala", "map_sheet_no": "58C06SW", "edition_year": 2021, "years_elapsed": 10, "erosion_length_km": 7.34, "erosion_area_ha": 15.3, "accretion_length_km": 2.6, "accretion_area_ha": 13.6, "stable_length_km": 4.24, "shoreline_change_rate_m_per_yr": -0.171 }, "geometry": { "type": "Point", "coordinates": [ 76.3125, 9.5625 ] } },
{ "type": "Feature", "properties": { "latitude": 9.4375, "longitude": 76.3125, "region": "Kerala", "map_sheet_no": "58C07NW", "edition_year": 2021, "years_elapsed": 10, "erosion_length_km": 3.87, "erosion_area_ha": 6.51, "accretion_length_km": 9.42, "accretion_area_ha": 30.6, "stable_length_km": 2.08, "shoreline_change_rate_m_per_yr": 1.813 }, "geometry": { "type": "Point", "coordinates": [ 76.3125, 9.4375 ] } },
{ "type": "Feature", "properties": { "latitude": 9.3125, "longitude": 76.3125, "region": "Kerala", "map_sheet_no": "58C07SW", "edition_year": 2021, "years_elapsed": 10, "erosion_length_km": 4.46, "erosion_area_ha": 27.5, "accretion_length_km": 0.0, "accretion_area_ha": 0.0, "stable_length_km": 1.12, "shoreline_change_rate_m_per_yr": -6.166 }, "geometry": { "type": "Point", "coordinates": [ 76.3125, 9.3125 ] } },
{ "type": "Feature", "properties": { "latitude": 9.0625, "longitude": 76.5625, "region": "Kerala", "map_sheet_no": "58C12SW", "edition_year": 2021, "years_elapsed": 10, "erosion_length_km": 5.31, "erosion_area_ha": 30.5, "accretion_length_km": 0.0, "accretion_area_ha": 0.0, "stable_length_km": 3.3, "shoreline_change_rate_m_per_yr": -5.744 }, "geometry": { "type": "Point", "coordinates": [ 76.5625, 9.0625 ] } },
{ "type": "Feature", "properties": { "latitude": 9.0625, "longitude": 76.4375, "region": "Kerala", "map_sheet_no": "58C08SE", "edition_year": 2021, "years_elapsed": 10, "erosion_length_km": 0.22, "erosion_area_ha": 0.22, "accretion_length_km": 0.48, "accretion_area_ha": 0.5, "stable_length_km": 7.76, "shoreline_change_rate_m_per_yr": 0.4 }, "geometry": { "type": "Point", "coordinates": [ 76.4375, 9.0625 ] } },
{ "type": "Feature", "properties": { "latitude": 8.8125, "longitude": 76.6875, "region": "Kerala", "map_sheet_no": "58D09SE", "edition_year": 2021, "years_elapsed": 10, "erosion_length_km": 0.0, "erosion_area_ha": 0.0, "accretion_length_km": 2.58, "accretion_area_ha": 3.54, "stable_length_km": 10.6, "shoreline_change_rate_m_per_yr": 1.372 }, "geometry": { "type": "Point", "coordinates": [ 76.6875, 8.8125 ] } },
{ "type": "Feature", "properties": { "latitude": 8.8125, "longitude": 76.5625, "region": "Kerala", "map_sheet_no": "58D09SW", "edition_year": 2021, "years_elapsed": 10, "erosion_length_km": 2.04, "erosion_area_ha": 3.26, "accretion_length_km": 0.16, "accretion_area_ha": 0.07, "stable_length_km": 3.06, "shoreline_change_rate_m_per_yr": -1.45 }, "geometry": { "type": "Point", "coordinates": [ 76.5625, 8.8125 ] } },
{ "type": "Feature", "properties": { "latitude": 8.6875, "longitude": 76.6875, "region": "Kerala", "map_sheet_no": "58D10NE", "edition_year": 2021, "years_elapsed": 10, "erosion_length_km": 0.0, "erosion_area_ha": 0.0, "accretion_length_km": 3.73, "accretion_area_ha": 4.41, "stable_length_km": 6.54, "shoreline_change_rate_m_per_yr": 1.182 }, "geometry": { "type": "Point", "coordinates": [ 76.6875, 8.6875 ] } },
{ "type": "Feature", "properties": { "latitude": 8.5625, "longitude": 76.9375, "region": "Kerala", "map_sheet_no": "58D14SE", "edition_year": 2021, "years_elapsed": 10, "erosion_length_km": 0.0, "erosion_area_ha": 0.0, "accretion_length_km": 1.04, "accretion_area_ha": 1.35, "stable_length_km": 2.19, "shoreline_change_rate_m_per_yr": 1.298 }, "geometry": { "type": "Point", "coordinates": [ 76.9375, 8.5625 ] } },
{ "type": "Feature", "properties": { "latitude": 8.5625, "longitude": 76.8125, "region": "Kerala", "map_sheet_no": "58D14SW", "edition_year": 2021, "years_elapsed": 10, "erosion_length_km": 0.0, "erosion_area_ha": 0.0, "accretion_length_km": 3.68, "accretion_area_ha": 12.1, "stable_length_km": 10.88, "shoreline_change_rate_m_per_yr": 3.288 }, "geometry": { "type": "Point", "coordinates": [ 76.8125, 8.5625 ] } },
{ "type": "Feature", "properties": { "latitude": 8.3125, "longitude": 76.9375, "region": "Kerala", "map_sheet_no": "58D15SE", "edition_year": 2021, "years_elapsed": 10, "erosion_length_km": 0.0, "erosion_area_ha": 0.0, "accretion_length_km": 0.0, "accretion_area_ha": 0.0, "stable_length_km": 0.47, "shoreline_change_rate_m_per_yr": 0.0 }, "geometry": { "type": "Point", "coordinates": [ 76.9375, 8.3125 ] } },
{ "type": "Feature", "properties": { "latitude": 8.3125, "longitude": 77.0625, "region": "Kerala", "map_sheet_no": "58H03SW", "edition_year": 2021, "years_elapsed": 10, "erosion_length_km": 0.06, "erosion_area_ha": 0.08, "accretion_length_km": 1.35, "accretion_area_ha": 3.02, "stable_length_km": 12.62, "shoreline_change_rate_m_per_yr": 2.085 }, "geometry": { "type": "Point", "coordinates": [ 77.0625, 8.3125 ] } },
{ "type": "Feature", "properties": { "latitude": 20.1875, "longitude": 72.6875, "region": "Maharashtra", "map_sheet_no": "46D12NE", "edition_year": 2021, "years_elapsed": 10, "erosion_length_km": 0.27, "erosion_area_ha": 0.21, "accretion_length_km": 0.0, "accretion_area_ha": 0.0, "stable_length_km": 0.94, "shoreline_change_rate_m_per_yr": -0.778 }, "geometry": { "type": "Point", "coordinates": [ 72.6875, 20.1875 ] } },
{ "type": "Feature", "properties": { "latitude": 20.0625, "longitude": 72.6875, "region": "Maharashtra", "map_sheet_no": "46D12SE", "edition_year": 2021, "years_elapsed": 10, "erosion_length_km": 6.16, "erosion_area_ha": 4.73, "accretion_length_km": 1.42, "accretion_area_ha": 1.71, "stable_length_km": 8.6, "shoreline_change_rate_m_per_yr": -0.398 }, "geometry": { "type": "Point", "coordinates": [ 72.6875, 20.0625 ] } },
{ "type": "Feature", "properties": { "latitude": 19.9375, "longitude": 72.6875, "region": "Maharashtra", "map_sheet_no": "47A09NE", "edition_year": 2021, "years_elapsed": 10, "erosion_length_km": 2.93, "erosion_area_ha": 2.31, "accretion_length_km": 0.57, "accretion_area_ha": 0.56, "stable_length_km": 16.35, "shoreline_change_rate_m_per_yr": -0.5 }, "geometry": { "type": "Point", "coordinates": [ 72.6875, 19.9375 ] } },
{ "type": "Feature", "properties": { "latitude": 19.8125, "longitude": 72.6875, "region": "Maharashtra", "map_sheet_no": "47A09SE", "edition_year": 2021, "years_elapsed": 10, "erosion_length_km": 6.73, "erosion_area_ha": 8.03, "accretion_length_km": 1.18, "accretion_area_ha": 1.1, "stable_length_km": 11.54, "shoreline_change_rate_m_per_yr": -0.876 }, "geometry": { "type": "Point", "coordinates": [ 72.6875, 19.8125 ] } },
{ "type": "Feature", "properties": { "latitude": 19.6875, "longitude": 72.6875, "region": "Maharashtra", "map_sheet_no": "47A10NE", "edition_year": 2021, "years_elapsed": 10, "erosion_length_km": 2.43, "erosion_area_ha": 3.97, "accretion_length_km": 1.29, "accretion_area_ha": 3.02, "stable_length_km": 11.61, "shoreline_change_rate_m_per_yr": -0.255 }, "geometry": { "type": "Point", "coordinates": [ 72.6875, 19.6875 ] } },
{ "type": "Feature", "properties": { "latitude": 19.5625, "longitude": 72.6875, "region": "Maharashtra", "map_sheet_no": "47A10SE", "edition_year": 2021, "years_elapsed": 10, "erosion_length_km": 2.98, "erosion_area_ha": 3.44, "accretion_length_km": 0.2, "accretion_area_ha": 0.23, "stable_length_km": 13.85, "shoreline_change_rate_m_per_yr": -1.009 }, "geometry": { "type": "Point", "coordinates": [ 72.6875, 19.5625 ] } },
{ "type": "Feature", "properties": { "latitude": 19.5625, "longitude": 72.8125, "region": "Maharashtra", "map_sheet_no": "47A14SW", "edition_year": 2021, "years_elapsed": 10, "erosion_length_km": 0.3, "erosion_area_ha": 0.23, "accretion_length_km": 1.74, "accretion_area_ha": 3.46, "stable_length_km": 0.0, "shoreline_change_rate_m_per_yr": 1.583 }, "geometry": { "type": "Point", "coordinates": [ 72.8125, 19.5625 ] } },
{ "type": "Feature", "properties": { "latitude": 19.4375, "longitude": 72.6875, "region": "Maharashtra", "map_sheet_no": "47A11NE", "edition_year": 2021, "years_elapsed": 10, "erosion_length_km": 0.0, "erosion_area_ha": 0.0, "accretion_length_km": 0.33, "accretion_area_ha": 0.58, "stable_length_km": 2.3, "shoreline_change_rate_m_per_yr": 1.758 }, "geometry": { "type": "Point", "coordinates": [ 72.6875, 19.4375 ] } },
{ "type": "Feature", "properties": { "latitude": 19.4375, "longitude": 72.8125, "region": "Maharashtra", "map_sheet_no": "47A15NW", "edition_year": 2021, "years_elapsed": 10, "erosion_length_km": 2.65, "erosion_area_ha": 2.83, "accretion_length_km": 1.59, "accretion_area_ha": 7.05, "stable_length_km": 5.97, "shoreline_change_rate_m_per_yr": 0.995 }, "geometry": { "type": "Point", "coordinates": [ 72.8125, 19.4375 ] } },
{ "type": "Feature", "properties": { "latitude": 19.3125, "longitude": 72.8125, "region": "Maharashtra", "map_sheet_no": "47A15SW", "edition_year": 2021, "years_elapsed": 10, "erosion_length_km": 4.96, "erosion_area_ha": 16.5, "accretion_length_km": 1.65, "accretion_area_ha": 4.46, "stable_length_km": 11.23, "shoreline_change_rate_m_per_yr": -1.821 }, "geometry": { "type": "Point", "coordinates": [ 72.8125, 19.3125 ] } },
{ "type": "Feature", "properties": { "latitude": 19.1875, "longitude": 72.8125, "region": "Maharashtra", "map_sheet_no": "47A16NW", "edition_year": 2021, "years_elapsed": 10, "erosion_length_km": 2.64, "erosion_area_ha": 2.34, "accretion_length_km": 1.7, "accretion_area_ha": 4.53, "stable_length_km": 18.44, "shoreline_change_rate_m_per_yr": 0.505 }, "geometry": { "type": "Point", "coordinates": [ 72.8125, 19.1875 ] } },
{ "type": "Feature", "properties": { "latitude": 19.0625, "longitude": 72.8125, "region": "Maharashtra", "map_sheet_no": "47A16SW", "edition_year": 2021, "years_elapsed": 10, "erosion_length_km": 1.38, "erosion_area_ha": 1.5, "accretion_length_km": 0.2, "accretion_area_ha": 0.61, "stable_length_km": 20.05, "shoreline_change_rate_m_per_yr": -0.563 }, "geometry": { "type": "Point", "coordinates": [ 72.8125, 19.0625 ] } },
{ "type": "Feature", "properties": { "latitude": 18.9375, "longitude": 72.8125, "region": "Maharashtra", "map_sheet_no": "47B13NW", "edition_year": 2021, "years_elapsed": 10, "erosion_length_km": 0.0, "erosion_area_ha": 0.0, "accretion_length_km": 0.0, "accretion_area_ha": 0.0, "stable_length_km": 26.69, "shoreline_change_rate_m_per_yr": 0.0 }, "geometry": { "type": "Point", "coordinates": [ 72.8125, 18.9375 ] } },
{ "type": "Feature", "properties": { "latitude": 18.8125, "longitude": 72.8125, "region": "Maharashtra", "map_sheet_no": "47B13SW", "edition_year": 2021, "years_elapsed": 10, "erosion_length_km": 1.3, "erosion_area_ha": 1.31, "accretion_length_km": 0.29, "accretion_area_ha": 0.16, "stable_length_km": 5.21, "shoreline_change_rate_m_per_yr": -0.723 }, "geometry": { "type": "Point", "coordinates": [ 72.8125, 18.8125 ] } },
{ "type": "Feature", "properties": { "latitude": 18.6875, "longitude": 72.8125, "region": "Maharashtra", "map_sheet_no": "47B14NW", "edition_year": 2021, "years_elapsed": 10, "erosion_length_km": 0.43, "erosion_area_ha": 0.33, "accretion_length_km": 1.01, "accretion_area_ha": 2.32, "stable_length_km": 12.4, "shoreline_change_rate_m_per_yr": 1.382 }, "geometry": { "type": "Point", "coordinates": [ 72.8125, 18.6875 ] } },
{ "type": "Feature", "properties": { "latitude": 18.6875, "longitude": 72.9375, "region": "Maharashtra", "map_sheet_no": "47B14NE", "edition_year": 2021, "years_elapsed": 10, "erosion_length_km": 0.67, "erosion_area_ha": 1.17, "accretion_length_km": 0.74, "accretion_area_ha": 1.16, "stable_length_km": 1.04, "shoreline_change_rate_m_per_yr": -0.007 }, "geometry": { "type": "Point", "coordinates": [ 72.9375, 18.6875 ] } },
{ "type": "Feature", "properties": { "latitude": 18.5625, "longitude": 72.9375, "region": "Maharashtra", "map_sheet_no": "47B14SE", "edition_year": 2021, "years_elapsed": 10, "erosion_length_km": 3.05, "erosion_area_ha": 3.11, "accretion_length_km": 4.34, "accretion_area_ha": 6.18, "stable_length_km": 9.87, "shoreline_change_rate_m_per_yr": 0.415 }, "geometry": { "type": "Point", "coordinates": [ 72.9375, 18.5625 ] } },
{ "type": "Feature", "properties": { "latitude": 18.4375, "longitude": 72.9375, "region": "Maharashtra", "map_sheet_no": "47B15NE", "edition_year": 2021, "years_elapsed": 10, "erosion_length_km": 0.93, "erosion_area_ha": 0.68, "accretion_length_km": 1.17, "accretion_area_ha": 0.92, "stable_length_km": 16.35, "shoreline_change_rate_m_per_yr": 0.114 }, "geometry": { "type": "Point", "coordinates": [ 72.9375, 18.4375 ] } },
{ "type": "Feature", "properties": { "latitude": 18.3125, "longitude": 72.9375, "region": "Maharashtra", "map_sheet_no": "47B15SE", "edition_year": 2021, "years_elapsed": 10, "erosion_length_km": 0.2, "erosion_area_ha": 0.42, "accretion_length_km": 6.4, "accretion_area_ha": 125.36, "stable_length_km": 27.23, "shoreline_change_rate_m_per_yr": 18.93 }, "geometry": { "type": "Point", "coordinates": [ 72.9375, 18.3125 ] } },
{ "type": "Feature", "properties": { "latitude": 18.1875, "longitude": 72.9375, "region": "Maharashtra", "map_sheet_no": "47B16NE", "edition_year": 2021, "years_elapsed": 10, "erosion_length_km": 1.46, "erosion_area_ha": 1.76, "accretion_length_km": 1.41, "accretion_area_ha": 2.77, "stable_length_km": 19.27, "shoreline_change_rate_m_per_yr": 0.352 }, "geometry": { "type": "Point", "coordinates": [ 72.9375, 18.1875 ] } },
{ "type": "Feature", "properties": { "latitude": 18.0625, "longitude": 72.9375, "region": "Maharashtra", "map_sheet_no": "47B16SE", "edition_year": 2021, "years_elapsed": 10, "erosion_length_km": 0.18, "erosion_area_ha": 0.31, "accretion_length_km": 0.27, "accretion_area_ha": 0.48, "stable_length_km": 10.27, "shoreline_change_rate_m_per_yr": 0.378 }, "geometry": { "type": "Point", "coordinates": [ 72.9375, 18.0625 ] } },
{ "type": "Feature", "properties": { "latitude": 18.0625, "longitude": 73.0625, "region": "Maharashtra", "map_sheet_no": "47F04SW", "edition_year": 2021, "years_elapsed": 10, "erosion_length_km": 2.07, "erosion_area_ha": 3.35, "accretion_length_km": 1.01, "accretion_area_ha": 1.87, "stable_length_km": 7.35, "shoreline_change_rate_m_per_yr": -0.481 }, "geometry": { "type": "Point", "coordinates": [ 73.0625, 18.0625 ] } },
{ "type": "Feature", "properties": { "latitude": 17.9375, "longitude": 73.0625, "region": "Maharashtra", "map_sheet_no": "47G01NW", "edition_year": 2021, "years_elapsed": 10, "erosion_length_km": 3.01, "erosion_area_ha": 5.03, "accretion_length_km": 1.52, "accretion_area_ha": 1.59, "stable_length_km": 14.23, "shoreline_change_rate_m_per_yr": -0.759 }, "geometry": { "type": "Point", "coordinates": [ 73.0625, 17.9375 ] } },
{ "type": "Feature", "properties": { "latitude": 17.8125, "longitude": 73.0625, "region": "Maharashtra", "map_sheet_no": "47G01SW", "edition_year": 2021, "years_elapsed": 10, "erosion_length_km": 3.28, "erosion_area_ha": 3.22, "accretion_length_km": 0.51, "accretion_area_ha": 1.34, "stable_length_km": 13.54, "shoreline_change_rate_m_per_yr": -0.496 }, "geometry": { "type": "Point", "coordinates": [ 73.0625, 17.8125 ] } },
{ "type": "Feature", "properties": { "latitude": 17.6875, "longitude": 73.1875, "region": "Maharashtra", "map_sheet_no": "47G02NE", "edition_year": 2021, "years_elapsed": 10, "erosion_length_km": 1.29, "erosion_area_ha": 0.94, "accretion_length_km": 0.44, "accretion_area_ha": 0.68, "stable_length_km": 10.39, "shoreline_change_rate_m_per_yr": -0.15 }, "geometry": { "type": "Point", "coordinates": [ 73.1875, 17.6875 ] } },
{ "type": "Feature", "properties": { "latitude": 17.6875, "longitude": 73.0625, "region": "Maharashtra", "map_sheet_no": "47G02NW", "edition_year": 2021, "years_elapsed": 10, "erosion_length_km": 0.0, "erosion_area_ha": 0.0, "accretion_length_km": 0.46, "accretion_area_ha": 0.49, "stable_length_km": 5.65, "shoreline_change_rate_m_per_yr": 1.065 }, "geometry": { "type": "Point", "coordinates": [ 73.0625, 17.6875 ] } },
{ "type": "Feature", "properties": { "latitude": 17.5625, "longitude": 73.1875, "region": "Maharashtra", "map_sheet_no": "47G02SE", "edition_year": 2021, "years_elapsed": 10, "erosion_length_km": 2.19, "erosion_area_ha": 7.36, "accretion_length_km": 1.71, "accretion_area_ha": 6.03, "stable_length_km": 16.38, "shoreline_change_rate_m_per_yr": -0.341 }, "geometry": { "type": "Point", "coordinates": [ 73.1875, 17.5625 ] } },
{ "type": "Feature", "properties": { "latitude": 17.4375, "longitude": 73.1875, "region": "Maharashtra", "map_sheet_no": "47G03NE", "edition_year": 2021, "years_elapsed": 10, "erosion_length_km": 1.19, "erosion_area_ha": 0.8, "accretion_length_km": 0.75, "accretion_area_ha": 0.82, "stable_length_km": 21.76, "shoreline_change_rate_m_per_yr": 0.01 }, "geometry": { "type": "Point", "coordinates": [ 73.1875, 17.4375 ] } },
{ "type": "Feature", "properties": { "latitude": 17.3125, "longitude": 73.1875, "region": "Maharashtra", "map_sheet_no": "47G03SE", "edition_year": 2021, "years_elapsed": 10, "erosion_length_km": 0.92, "erosion_area_ha": 1.2, "accretion_length_km": 3.66, "accretion_area_ha": 6.19, "stable_length_km": 25.13, "shoreline_change_rate_m_per_yr": 1.09 }, "geometry": { "type": "Point", "coordinates": [ 73.1875, 17.3125 ] } },
{ "type": "Feature", "properties": { "latitude": 17.1875, "longitude": 73.1875, "region": "Maharashtra", "map_sheet_no": "47G04NE", "edition_year": 2021, "years_elapsed": 10, "erosion_length_km": 0.73, "erosion_area_ha": 0.45, "accretion_length_km": 0.54, "accretion_area_ha": 1.08, "stable_length_km": 10.66, "shoreline_change_rate_m_per_yr": 0.496 }, "geometry": { "type": "Point", "coordinates": [ 73.1875, 17.1875 ] } },
{ "type": "Feature", "properties": { "latitude": 17.1875, "longitude": 73.3125, "region": "Maharashtra", "map_sheet_no": "47G08NW", "edition_year": 2021, "years_elapsed": 10, "erosion_length_km": 1.18, "erosion_area_ha": 0.77, "accretion_length_km": 0.46, "accretion_area_ha": 0.3, "stable_length_km": 6.89, "shoreline_change_rate_m_per_yr": -0.287 }, "geometry": { "type": "Point", "coordinates": [ 73.3125, 17.1875 ] } },
{ "type": "Feature", "properties": { "latitude": 17.0625, "longitude": 73.3125, "region": "Maharashtra", "map_sheet_no": "47G08SW", "edition_year": 2021, "years_elapsed": 10, "erosion_length_km": 6.69, "erosion_area_ha": 10.39, "accretion_length_km": 0.67, "accretion_area_ha": 1.2, "stable_length_km": 17.83, "shoreline_change_rate_m_per_yr": -1.249 }, "geometry": { "type": "Point", "coordinates": [ 73.3125, 17.0625 ] } },
{ "type": "Feature", "properties": { "latitude": 16.9375, "longitude": 73.3125, "region": "Maharashtra", "map_sheet_no": "47H05NW", "edition_year": 2021, "years_elapsed": 10, "erosion_length_km": 1.68, "erosion_area_ha": 3.39, "accretion_length_km": 1.87, "accretion_area_ha": 1.33, "stable_length_km": 22.55, "shoreline_change_rate_m_per_yr": -0.58 }, "geometry": { "type": "Point", "coordinates": [ 73.3125, 16.9375 ] } },
{ "type": "Feature", "properties": { "latitude": 16.8125, "longitude": 73.3125, "region": "Maharashtra", "map_sheet_no": "47H05SW", "edition_year": 2021, "years_elapsed": 10, "erosion_length_km": 0.0, "erosion_area_ha": 0.0, "accretion_length_km": 0.44, "accretion_area_ha": 0.32, "stable_length_km": 18.94, "shoreline_change_rate_m_per_yr": 0.727 }, "geometry": { "type": "Point", "coordinates": [ 73.3125, 16.8125 ] } },
{ "type": "Feature", "properties": { "latitude": 16.6875, "longitude": 73.3125, "region": "Maharashtra", "map_sheet_no": "47H06NW", "edition_year": 2021, "years_elapsed": 10, "erosion_length_km": 0.69, "erosion_area_ha": 1.56, "accretion_length_km": 2.29, "accretion_area_ha": 2.34, "stable_length_km": 18.48, "shoreline_change_rate_m_per_yr": 0.262 }, "geometry": { "type": "Point", "coordinates": [ 73.3125, 16.6875 ] } },
{ "type": "Feature", "properties": { "latitude": 16.5625, "longitude": 73.3125, "region": "Maharashtra", "map_sheet_no": "47H06SW", "edition_year": 2021, "years_elapsed": 10, "erosion_length_km": 0.0, "erosion_area_ha": 0.0, "accretion_length_km": 1.93, "accretion_area_ha": 2.43, "stable_length_km": 29.33, "shoreline_change_rate_m_per_yr": 1.259 }, "geometry": { "type": "Point", "coordinates": [ 73.3125, 16.5625 ] } },
{ "type": "Feature", "properties": { "latitude": 16.4375, "longitude": 73.3125, "region": "Maharashtra", "map_sheet_no": "47H07NW", "edition_year": 2021, "years_elapsed": 10, "erosion_length_km": 0.98, "erosion_area_ha": 1.05, "accretion_length_km": 0.41, "accretion_area_ha": 0.73, "stable_length_km": 16.4, "shoreline_change_rate_m_per_yr": -0.23 }, "geometry": { "type": "Point", "coordinates": [ 73.3125, 16.4375 ] } },
{ "type": "Feature", "properties": { "latitude": 16.3125, "longitude": 73.4375, "region": "Maharashtra", "map_sheet_no": "47H07SE", "edition_year": 2021, "years_elapsed": 10, "erosion_length_km": 2.39, "erosion_area_ha": 3.29, "accretion_length_km": 1.05, "accretion_area_ha": 0.74, "stable_length_km": 11.93, "shoreline_change_rate_m_per_yr": -0.741 }, "geometry": { "type": "Point", "coordinates": [ 73.4375, 16.3125 ] } },
{ "type": "Feature", "properties": { "latitude": 16.3125, "longitude": 73.3125, "region": "Maharashtra", "map_sheet_no": "47H07SW", "edition_year": 2021, "years_elapsed": 10, "erosion_length_km": 0.0, "erosion_area_ha": 0.0, "accretion_length_km": 0.27, "accretion_area_ha": 0.23, "stable_length_km": 1.98, "shoreline_change_rate_m_per_yr": 0.852 }, "geometry": { "type": "Point", "coordinates": [ 73.3125, 16.3125 ] } },
{ "type": "Feature", "properties": { "latitude": 16.1875, "longitude": 73.4375, "region": "Maharashtra", "map_sheet_no": "47H08NE", "edition_year": 2021, "years_elapsed": 10, "erosion_length_km": 0.8, "erosion_area_ha": 0.83, "accretion_length_km": 4.83, "accretion_area_ha": 5.12, "stable_length_km": 10.0, "shoreline_change_rate_m_per_yr": 0.762 }, "geometry": { "type": "Point", "coordinates": [ 73.4375, 16.1875 ] } },
{ "type": "Feature", "properties": { "latitude": 16.0625, "longitude": 73.4375, "region": "Maharashtra", "map_sheet_no": "47H08SE", "edition_year": 2021, "years_elapsed": 10, "erosion_length_km": 1.13, "erosion_area_ha": 1.96, "accretion_length_km": 3.08, "accretion_area_ha": 3.67, "stable_length_km": 15.77, "shoreline_change_rate_m_per_yr": 0.406 }, "geometry": { "type": "Point", "coordinates": [ 73.4375, 16.0625 ] } },
{ "type": "Feature", "properties": { "latitude": 15.9375, "longitude": 73.4375, "region": "Maharashtra", "map_sheet_no": "48E05NE", "edition_year": 2021, "years_elapsed": 10, "erosion_length_km": 0.0, "erosion_area_ha": 0.0, "accretion_length_km": 0.0, "accretion_area_ha": 0.0, "stable_length_km": 3.54, "shoreline_change_rate_m_per_yr": 0.0 }, "geometry": { "type": "Point", "coordinates": [ 73.4375, 15.9375 ] } },
{ "type": "Feature", "properties": { "latitude": 15.9375, "longitude": 73.5625, "region": "Maharashtra", "map_sheet_no": "48E09NW", "edition_year": 2021, "years_elapsed": 10, "erosion_length_km": 0.58, "erosion_area_ha": 1.01, "accretion_length_km": 2.75, "accretion_area_ha": 2.05, "stable_length_km": 18.17, "shoreline_change_rate_m_per_yr": 0.312 }, "geometry": { "type": "Point", "coordinates": [ 73.5625, 15.9375 ] } },
{ "type": "Feature", "properties": { "latitude": 15.8125, "longitude": 73.6875, "region": "Maharashtra", "map_sheet_no": "48E09SE", "edition_year": 2021, "years_elapsed": 10, "erosion_length_km": 2.02, "erosion_area_ha": 2.13, "accretion_length_km": 1.84, "accretion_area_ha": 2.41, "stable_length_km": 10.47, "shoreline_change_rate_m_per_yr": 0.073 }, "geometry": { "type": "Point", "coordinates": [ 73.6875, 15.8125 ] } },
{ "type": "Feature", "properties": { "latitude": 15.8125, "longitude": 73.5625, "region": "Maharashtra", "map_sheet_no": "48E09SW", "edition_year": 2021, "years_elapsed": 10, "erosion_length_km": 0.32, "erosion_area_ha": 0.47, "accretion_length_km": 0.28, "accretion_area_ha": 0.32, "stable_length_km": 4.16, "shoreline_change_rate_m_per_yr": -0.25 }, "geometry": { "type": "Point", "coordinates": [ 73.5625, 15.8125 ] } },
{ "type": "Feature", "properties": { "latitude": 15.6875, "longitude": 73.6875, "region": "Maharashtra", "map_sheet_no": "48E10NE", "edition_year": 2021, "years_elapsed": 10, "erosion_length_km": 0.37, "erosion_area_ha": 0.37, "accretion_length_km": 0.0, "accretion_area_ha": 0.0, "stable_length_km": 7.9, "shoreline_change_rate_m_per_yr": -1.0 }, "geometry": { "type": "Point", "coordinates": [ 73.6875, 15.6875 ] } },
{ "type": "Feature", "properties": { "latitude": 15.6875, "longitude": 73.6875, "region": "Goa", "map_sheet_no": "48E10NE", "edition_year": 2021, "years_elapsed": 10, "erosion_length_km": 6.48, "erosion_area_ha": 7.96, "accretion_length_km": 0.54, "accretion_area_ha": 1.12, "stable_length_km": 5.0, "shoreline_change_rate_m_per_yr": -0.974 }, "geometry": { "type": "Point", "coordinates": [ 73.6875, 15.6875 ] } },
{ "type": "Feature", "properties": { "latitude": 15.5625, "longitude": 73.6875, "region": "Goa", "map_sheet_no": "48E10SE", "edition_year": 2021, "years_elapsed": 10, "erosion_length_km": 3.14, "erosion_area_ha": 3.94, "accretion_length_km": 1.35, "accretion_area_ha": 3.83, "stable_length_km": 5.51, "shoreline_change_rate_m_per_yr": -0.024 }, "geometry": { "type": "Point", "coordinates": [ 73.6875, 15.5625 ] } },
{ "type": "Feature", "properties": { "latitude": 15.5625, "longitude": 73.8125, "region": "Goa", "map_sheet_no": "48E14SW", "edition_year": 2021, "years_elapsed": 10, "erosion_length_km": 5.46, "erosion_area_ha": 8.74, "accretion_length_km": 0.0, "accretion_area_ha": 0.0, "stable_length_km": 1.54, "shoreline_change_rate_m_per_yr": -1.601 }, "geometry": { "type": "Point", "coordinates": [ 73.8125, 15.5625 ] } },
{ "type": "Feature", "properties": { "latitude": 15.4375, "longitude": 73.8125, "region": "Goa", "map_sheet_no": "48E15NW", "edition_year": 2021, "years_elapsed": 10, "erosion_length_km": 1.39, "erosion_area_ha": 2.29, "accretion_length_km": 2.53, "accretion_area_ha": 4.95, "stable_length_km": 17.84, "shoreline_change_rate_m_per_yr": 0.679 }, "geometry": { "type": "Point", "coordinates": [ 73.8125, 15.4375 ] } },
{ "type": "Feature", "properties": { "latitude": 15.3125, "longitude": 73.8125, "region": "Goa", "map_sheet_no": "48E15SW", "edition_year": 2021, "years_elapsed": 10, "erosion_length_km": 0.0, "erosion_area_ha": 0.0, "accretion_length_km": 0.18, "accretion_area_ha": 0.23, "stable_length_km": 8.32, "shoreline_change_rate_m_per_yr": 1.278 }, "geometry": { "type": "Point", "coordinates": [ 73.8125, 15.3125 ] } },
{ "type": "Feature", "properties": { "latitude": 15.3125, "longitude": 73.9375, "region": "Goa", "map_sheet_no": "48E15SE", "edition_year": 2021, "years_elapsed": 10, "erosion_length_km": 1.29, "erosion_area_ha": 1.54, "accretion_length_km": 0.34, "accretion_area_ha": 0.58, "stable_length_km": 12.57, "shoreline_change_rate_m_per_yr": -0.589 }, "geometry": { "type": "Point", "coordinates": [ 73.9375, 15.3125 ] } },
{ "type": "Feature", "properties": { "latitude": 15.1875, "longitude": 73.9375, "region": "Goa", "map_sheet_no": "48E16NE", "edition_year": 2021, "years_elapsed": 10, "erosion_length_km": 0.21, "erosion_area_ha": 0.34, "accretion_length_km": 1.92, "accretion_area_ha": 2.62, "stable_length_km": 13.78, "shoreline_change_rate_m_per_yr": 1.07 }, "geometry": { "type": "Point", "coordinates": [ 73.9375, 15.1875 ] } },
{ "type": "Feature", "properties": { "latitude": 15.0625, "longitude": 73.9375, "region": "Goa", "map_sheet_no": "48E16SE", "edition_year": 2021, "years_elapsed": 10, "erosion_length_km": 0.14, "erosion_area_ha": 0.18, "accretion_length_km": 0.0, "accretion_area_ha": 0.0, "stable_length_km": 27.27, "shoreline_change_rate_m_per_yr": -1.286 }, "geometry": { "type": "Point", "coordinates": [ 73.9375, 15.0625 ] } },
{ "type": "Feature", "properties": { "latitude": 15.0625, "longitude": 74.0625, "region": "Goa", "map_sheet_no": "48I04SW", "edition_year": 2021, "years_elapsed": 10, "erosion_length_km": 1.58, "erosion_area_ha": 1.62, "accretion_length_km": 0.09, "accretion_area_ha": 0.12, "stable_length_km": 4.6, "shoreline_change_rate_m_per_yr": -0.898 }, "geometry": { "type": "Point", "coordinates": [ 74.0625, 15.0625 ] } },
{ "type": "Feature", "properties": { "latitude": 14.9375, "longitude": 74.0625, "region": "Goa", "map_sheet_no": "48J01NW", "edition_year": 2021, "years_elapsed": 10, "erosion_length_km": 2.01, "erosion_area_ha": 2.17, "accretion_length_km": 0.18, "accretion_area_ha": 0.15, "stable_length_km": 20.3, "shoreline_change_rate_m_per_yr": -0.922 }, "geometry": { "type": "Point", "coordinates": [ 74.0625, 14.9375 ] } },
{ "type": "Feature", "properties": { "latitude": 11.6875, "longitude": 72.6875, "region": "Lakshadweep", "map_sheet_no": "49A10NE", "edition_year": 2021, "years_elapsed": 10, "erosion_length_km": 0.0, "erosion_area_ha": 0.0, "accretion_length_km": 0.32, "accretion_area_ha": 0.15, "stable_length_km": 5.59, "shoreline_change_rate_m_per_yr": 0.469 }, "geometry": { "type": "Point", "coordinates": [ 72.6875, 11.6875 ] } },
{ "type": "Feature", "properties": { "latitude": 11.5625, "longitude": 72.1875, "region": "Lakshadweep", "map_sheet_no": "49A2SE", "edition_year": 2021, "years_elapsed": 10, "erosion_length_km": 0.06, "erosion_area_ha": 0.06, "accretion_length_km": 0.85, "accretion_area_ha": 1.47, "stable_length_km": 1.08, "shoreline_change_rate_m_per_yr": 1.549 }, "geometry": { "type": "Point", "coordinates": [ 72.1875, 11.5625 ] } },
{ "type": "Feature", "properties": { "latitude": 11.4375, "longitude": 72.9375, "region": "Lakshadweep", "map_sheet_no": "49A15NE", "edition_year": 2021, "years_elapsed": 10, "erosion_length_km": 0.0, "erosion_area_ha": 0.0, "accretion_length_km": 0.0, "accretion_area_ha": 0.0, "stable_length_km": 0.84, "shoreline_change_rate_m_per_yr": 0.0 }, "geometry": { "type": "Point", "coordinates": [ 72.9375, 11.4375 ] } },
{ "type": "Feature", "properties": { "latitude": 11.4375, "longitude": 73.0625, "region": "Lakshadweep", "map_sheet_no": "49E3NW", "edition_year": 2021, "years_elapsed": 10, "erosion_length_km": 0.6, "erosion_area_ha": 0.53, "accretion_length_km": 0.3, "accretion_area_ha": 0.3, "stable_length_km": 6.01, "shoreline_change_rate_m_per_yr": -0.256 }, "geometry": { "type": "Point", "coordinates": [ 73.0625, 11.4375 ] } },
{ "type": "Feature", "properties": { "latitude": 11.3125, "longitude": 72.8125, "region": "Lakshadweep", "map_sheet_no": "49A15SW", "edition_year": 2021, "years_elapsed": 10, "erosion_length_km": 0.0, "erosion_area_ha": 0.0, "accretion_length_km": 0.7, "accretion_area_ha": 0.49, "stable_length_km": 1.58, "shoreline_change_rate_m_per_yr": 0.7 }, "geometry": { "type": "Point", "coordinates": [ 72.8125, 11.3125 ] } },
{ "type": "Feature", "properties": { "latitude": 11.1875, "longitude": 72.6875, "region": "Lakshadweep", "map_sheet_no": "49A12NE", "edition_year": 2021, "years_elapsed": 10, "erosion_length_km": 0.0, "erosion_area_ha": 0.0, "accretion_length_km": 0.23, "accretion_area_ha": 0.19, "stable_length_km": 3.09, "shoreline_change_rate_m_per_yr": 0.826 }, "geometry": { "type": "Point", "coordinates": [ 72.6875, 11.1875 ] } },
{ "type": "Feature", "properties": { "latitude": 11.1875, "longitude": 72.8125, "region": "Lakshadweep", "map_sheet_no": "49A16NW", "edition_year": 2021, "years_elapsed": 10, "erosion_length_km": 0.83, "erosion_area_ha": 2.89, "accretion_length_km": 2.27, "accretion_area_ha": 2.74, "stable_length_km": 13.39, "shoreline_change_rate_m_per_yr": -0.048 }, "geometry": { "type": "Point", "coordinates": [ 72.8125, 11.1875 ] } },
{ "type": "Feature", "properties": { "latitude": 11.0625, "longitude": 72.6875, "region": "Lakshadweep", "map_sheet_no": "49A12SE", "edition_year": 2021, "years_elapsed": 10, "erosion_length_km": 0.0, "erosion_area_ha": 0.0, "accretion_length_km": 0.0, "accretion_area_ha": 0.0, "stable_length_km": 3.42, "shoreline_change_rate_m_per_yr": 0.0 }, "geometry": { "type": "Point", "coordinates": [ 72.6875, 11.0625 ] } },
{ "type": "Feature", "properties": { "latitude": 10.9375, "longitude": 72.1875, "region": "Lakshadweep", "map_sheet_no": "49B01NE", "edition_year": 2021, "years_elapsed": 10, "erosion_length_km": 0.0, "erosion_area_ha": 0.0, "accretion_length_km": 0.0, "accretion_area_ha": 0.0, "stable_length_km": 1.32, "shoreline_change_rate_m_per_yr": 0.0 }, "geometry": { "type": "Point", "coordinates": [ 72.1875, 10.9375 ] } },
{ "type": "Feature", "properties": { "latitude": 10.9375, "longitude": 72.3125, "region": "Lakshadweep", "map_sheet_no": "49B5NW", "edition_year": 2021, "years_elapsed": 10, "erosion_length_km": 1.65, "erosion_area_ha": 4.43, "accretion_length_km": 2.63, "accretion_area_ha": 6.31, "stable_length_km": 4.52, "shoreline_change_rate_m_per_yr": 0.439 }, "geometry": { "type": "Point", "coordinates": [ 72.3125, 10.9375 ] } },
{ "type": "Feature", "properties": { "latitude": 10.8125, "longitude": 72.1875, "region": "Lakshadweep", "map_sheet_no": "49B01SE", "edition_year": 2021, "years_elapsed": 10, "erosion_length_km": 0.69, "erosion_area_ha": 0.92, "accretion_length_km": 0.99, "accretion_area_ha": 1.04, "stable_length_km": 14.6, "shoreline_change_rate_m_per_yr": 0.071 }, "geometry": { "type": "Point", "coordinates": [ 72.1875, 10.8125 ] } },
{ "type": "Feature", "properties": { "latitude": 10.8125, "longitude": 73.6875, "region": "Lakshadweep", "map_sheet_no": "49F9SE", "edition_year": 2021, "years_elapsed": 10, "erosion_length_km": 1.35, "erosion_area_ha": 1.0, "accretion_length_km": 0.18, "accretion_area_ha": 0.2, "stable_length_km": 9.11, "shoreline_change_rate_m_per_yr": -0.523 }, "geometry": { "type": "Point", "coordinates": [ 73.6875, 10.8125 ] } },
{ "type": "Feature", "properties": { "latitude": 10.5625, "longitude": 72.5625, "region": "Lakshadweep", "map_sheet_no": "49B10SW", "edition_year": 2021, "years_elapsed": 10, "erosion_length_km": 0.0, "erosion_area_ha": 0.0, "accretion_length_km": 0.0, "accretion_area_ha": 0.0, "stable_length_km": 2.86, "shoreline_change_rate_m_per_yr": 0.0 }, "geometry": { "type": "Point", "coordinates": [ 72.5625, 10.5625 ] } },
{ "type": "Feature", "properties": { "latitude": 10.5625, "longitude": 72.6875, "region": "Lakshadweep", "map_sheet_no": "49B10SE", "edition_year": 2021, "years_elapsed": 10, "erosion_length_km": 0.0, "erosion_area_ha": 0.0, "accretion_length_km": 0.75, "accretion_area_ha": 0.86, "stable_length_km": 8.27, "shoreline_change_rate_m_per_yr": 1.147 }, "geometry": { "type": "Point", "coordinates": [ 72.6875, 10.5625 ] } },
{ "type": "Feature", "properties": { "latitude": 10.1875, "longitude": 72.3125, "region": "Lakshadweep", "map_sheet_no": "49B8NW", "edition_year": 2021, "years_elapsed": 10, "erosion_length_km": 0.66, "erosion_area_ha": 0.9, "accretion_length_km": 0.0, "accretion_area_ha": 0.0, "stable_length_km": 2.53, "shoreline_change_rate_m_per_yr": -1.364 }, "geometry": { "type": "Point", "coordinates": [ 72.3125, 10.1875 ] } },
{ "type": "Feature", "properties": { "latitude": 10.1875, "longitude": 73.6875, "region": "Lakshadweep", "map_sheet_no": "49F12NE", "edition_year": 2021, "years_elapsed": 10, "erosion_length_km": 1.03, "erosion_area_ha": 0.56, "accretion_length_km": 0.85, "accretion_area_ha": 1.0, "stable_length_km": 4.62, "shoreline_change_rate_m_per_yr": 0.234 }, "geometry": { "type": "Point", "coordinates": [ 73.6875, 10.1875 ] } },
{ "type": "Feature", "properties": { "latitude": 10.0625, "longitude": 72.3125, "region": "Lakshadweep", "map_sheet_no": "49B8SW", "edition_year": 2021, "years_elapsed": 10, "erosion_length_km": 1.11, "erosion_area_ha": 1.12, "accretion_length_km": 0.58, "accretion_area_ha": 0.6, "stable_length_km": 1.71, "shoreline_change_rate_m_per_yr": -0.308 }, "geometry": { "type": "Point", "coordinates": [ 72.3125, 10.0625 ] } },
{ "type": "Feature", "properties": { "latitude": 10.0625, "longitude": 73.6875, "region": "Lakshadweep", "map_sheet_no": "49F12SE", "edition_year": 2021, "years_elapsed": 10, "erosion_length_km": 0.9, "erosion_area_ha": 0.7, "accretion_length_km": 0.64, "accretion_area_ha": 0.63, "stable_length_km": 12.08, "shoreline_change_rate_m_per_yr": -0.045 }, "geometry": { "type": "Point", "coordinates": [ 73.6875, 10.0625 ] } },
{ "type": "Feature", "properties": { "latitude": 8.3125, "longitude": 73.0625, "region": "Lakshadweep", "map_sheet_no": "49H3SW", "edition_year": 2021, "years_elapsed": 10, "erosion_length_km": 2.77, "erosion_area_ha": 3.48, "accretion_length_km": 1.86, "accretion_area_ha": 2.42, "stable_length_km": 19.22, "shoreline_change_rate_m_per_yr": -0.229 }, "geometry": { "type": "Point", "coordinates": [ 73.0625, 8.3125 ] } },
{ "type": "Feature", "properties": { "latitude": 13.6875, "longitude": 92.9375, "region": "Andaman & Nicobar", "map_sheet_no": "86C14NE", "edition_year": 2021, "years_elapsed": 10, "erosion_length_km": 0.0, "erosion_area_ha": 0.0, "accretion_length_km": 0.0, "accretion_area_ha": 0.0, "stable_length_km": 1.56, "shoreline_change_rate_m_per_yr": 0.0 }, "geometry": { "type": "Point", "coordinates": [ 92.9375, 13.6875 ] } },
{ "type": "Feature", "properties": { "latitude": 13.6875, "longitude": 93.0625, "region": "Andaman & Nicobar", "map_sheet_no": "86G02NW", "edition_year": 2021, "years_elapsed": 10, "erosion_length_km": 0.16, "erosion_area_ha": 0.24, "accretion_length_km": 0.58, "accretion_area_ha": 0.69, "stable_length_km": 16.17, "shoreline_change_rate_m_per_yr": 0.608 }, "geometry": { "type": "Point", "coordinates": [ 93.0625, 13.6875 ] } },
{ "type": "Feature", "properties": { "latitude": 13.5625, "longitude": 92.8125, "region": "Andaman & Nicobar", "map_sheet_no": "86C14SW", "edition_year": 2021, "years_elapsed": 10, "erosion_length_km": 0.0, "erosion_area_ha": 0.0, "accretion_length_km": 0.63, "accretion_area_ha": 0.96, "stable_length_km": 2.58, "shoreline_change_rate_m_per_yr": 1.524 }, "geometry": { "type": "Point", "coordinates": [ 92.8125, 13.5625 ] } },
{ "type": "Feature", "properties": { "latitude": 13.5625, "longitude": 92.9375, "region": "Andaman & Nicobar", "map_sheet_no": "86C14SE", "edition_year": 2021, "years_elapsed": 10, "erosion_length_km": 0.0, "erosion_area_ha": 0.0, "accretion_length_km": 0.58, "accretion_area_ha": 1.52, "stable_length_km": 23.59, "shoreline_change_rate_m_per_yr": 2.621 }, "geometry": { "type": "Point", "coordinates": [ 92.9375, 13.5625 ] } },
{ "type": "Feature", "properties": { "latitude": 13.5625, "longitude": 93.0625, "region": "Andaman & Nicobar", "map_sheet_no": "86G02SW", "edition_year": 2021, "years_elapsed": 10, "erosion_length_km": 0.0, "erosion_area_ha": 0.0, "accretion_length_km": 0.51, "accretion_area_ha": 0.4, "stable_length_km": 16.59, "shoreline_change_rate_m_per_yr": 0.784 }, "geometry": { "type": "Point", "coordinates": [ 93.0625, 13.5625 ] } },
{ "type": "Feature", "properties": { "latitude": 13.4375, "longitude": 94.3125, "region": "Andaman & Nicobar", "map_sheet_no": "86K07NW", "edition_year": 2021, "years_elapsed": 10, "erosion_length_km": 0.0, "erosion_area_ha": 0.0, "accretion_length_km": 0.0, "accretion_area_ha": 0.0, "stable_length_km": 11.76, "shoreline_change_rate_m_per_yr": 0.0 }, "geometry": { "type": "Point", "coordinates": [ 94.3125, 13.4375 ] } },
{ "type": "Feature", "properties": { "latitude": 13.4375, "longitude": 92.8125, "region": "Andaman & Nicobar", "map_sheet_no": "86C15NW", "edition_year": 2021, "years_elapsed": 10, "erosion_length_km": 0.0, "erosion_area_ha": 0.0, "accretion_length_km": 0.0, "accretion_area_ha": 1.09, "stable_length_km": 18.15, "shoreline_change_rate_m_per_yr": 0.0 }, "geometry": { "type": "Point", "coordinates": [ 92.8125, 13.4375 ] } },
{ "type": "Feature", "properties": { "latitude": 13.4375, "longitude": 94.1875, "region": "Andaman & Nicobar", "map_sheet_no": "86K03NE", "edition_year": 2021, "years_elapsed": 10, "erosion_length_km": 0.0, "erosion_area_ha": 0.0, "accretion_length_km": 0.0, "accretion_area_ha": 0.0, "stable_length_km": 0.96, "shoreline_change_rate_m_per_yr": 0.0 }, "geometry": { "type": "Point", "coordinates": [ 94.1875, 13.4375 ] } },
{ "type": "Feature", "properties": { "latitude": 13.4375, "longitude": 92.9375, "region": "Andaman & Nicobar", "map_sheet_no": "86C15NE", "edition_year": 2021, "years_elapsed": 10, "erosion_length_km": 0.0, "erosion_area_ha": 0.0, "accretion_length_km": 0.0, "accretion_area_ha": 0.0, "stable_length_km": 7.88, "shoreline_change_rate_m_per_yr": 0.0 }, "geometry": { "type": "Point", "coordinates": [ 92.9375, 13.4375 ] } },
{ "type": "Feature", "properties": { "latitude": 13.4375, "longitude": 93.0625, "region": "Andaman & Nicobar", "map_sheet_no": "86G03NW", "edition_year": 2021, "years_elapsed": 10, "erosion_length_km": 0.0, "erosion_area_ha": 0.0, "accretion_length_km": 1.86, "accretion_area_ha": 1.99, "stable_length_km": 37.92, "shoreline_change_rate_m_per_yr": 1.07 }, "geometry": { "type": "Point", "coordinates": [ 93.0625, 13.4375 ] } },
{ "type": "Feature", "properties": { "latitude": 13.3125, "longitude": 92.8125, "region": "Andaman & Nicobar", "map_sheet_no": "86C15SW", "edition_year": 2021, "years_elapsed": 10, "erosion_length_km": 1.34, "erosion_area_ha": 2.84, "accretion_length_km": 3.93, "accretion_area_ha": 14.41, "stable_length_km": 18.12, "shoreline_change_rate_m_per_yr": 2.195 }, "geometry": { "type": "Point", "coordinates": [ 92.8125, 13.3125 ] } },
{ "type": "Feature", "properties": { "latitude": 13.3125, "longitude": 92.9375, "region": "Andaman & Nicobar", "map_sheet_no": "86C15SE", "edition_year": 2021, "years_elapsed": 10, "erosion_length_km": 0.0, "erosion_area_ha": 0.0, "accretion_length_km": 0.0, "accretion_area_ha": 0.0, "stable_length_km": 4.13, "shoreline_change_rate_m_per_yr": 0.0 }, "geometry": { "type": "Point", "coordinates": [ 92.9375, 13.3125 ] } },
{ "type": "Feature", "properties": { "latitude": 13.3125, "longitude": 93.0625, "region": "Andaman & Nicobar", "map_sheet_no": "86G03SW", "edition_year": 2021, "years_elapsed": 10, "erosion_length_km": 0.0, "erosion_area_ha": 0.0, "accretion_length_km": 1.55, "accretion_area_ha": 1.56, "stable_length_km": 43.55, "shoreline_change_rate_m_per_yr": 1.006 }, "geometry": { "type": "Point", "coordinates": [ 93.0625, 13.3125 ] } },
{ "type": "Feature", "properties": { "latitude": 13.1875, "longitude": 92.8125, "region": "Andaman & Nicobar", "map_sheet_no": "86C16NW", "edition_year": 2021, "years_elapsed": 10, "erosion_length_km": 0.0, "erosion_area_ha": 0.0, "accretion_length_km": 8.97, "accretion_area_ha": 16.54, "stable_length_km": 11.34, "shoreline_change_rate_m_per_yr": 1.844 }, "geometry": { "type": "Point", "coordinates": [ 92.8125, 13.1875 ] } },
{ "type": "Feature", "properties": { "latitude": 13.1875, "longitude": 93.0625, "region": "Andaman & Nicobar", "map_sheet_no": "86G04NW", "edition_year": 2021, "years_elapsed": 10, "erosion_length_km": 2.28, "erosion_area_ha": 1.33, "accretion_length_km": 1.58, "accretion_area_ha": 2.71, "stable_length_km": 13.75, "shoreline_change_rate_m_per_yr": 0.358 }, "geometry": { "type": "Point", "coordinates": [ 93.0625, 13.1875 ] } },
{ "type": "Feature", "properties": { "latitude": 13.0625, "longitude": 92.6875, "region": "Andaman & Nicobar", "map_sheet_no": "86C12SE", "edition_year": 2021, "years_elapsed": 10, "erosion_length_km": 0.2, "erosion_area_ha": 0.19, "accretion_length_km": 9.83, "accretion_area_ha": 22.18, "stable_length_km": 2.25, "shoreline_change_rate_m_per_yr": 2.192 }, "geometry": { "type": "Point", "coordinates": [ 92.6875, 13.0625 ] } },
{ "type": "Feature", "properties": { "latitude": 13.0625, "longitude": 92.8125, "region": "Andaman & Nicobar", "map_sheet_no": "86C16SW", "edition_year": 2021, "years_elapsed": 10, "erosion_length_km": 0.0, "erosion_area_ha": 0.0, "accretion_length_km": 1.03, "accretion_area_ha": 2.1, "stable_length_km": 5.12, "shoreline_change_rate_m_per_yr": 2.039 }, "geometry": { "type": "Point", "coordinates": [ 92.8125, 13.0625 ] } },
{ "type": "Feature", "properties": { "latitude": 13.0625, "longitude": 92.9375, "region": "Andaman & Nicobar", "map_sheet_no": "86C16SE", "edition_year": 2021, "years_elapsed": 10, "erosion_length_km": 0.61, "erosion_area_ha": 0.71, "accretion_length_km": 0.84, "accretion_area_ha": 0.6, "stable_length_km": 17.43, "shoreline_change_rate_m_per_yr": -0.076 }, "geometry": { "type": "Point", "coordinates": [ 92.9375, 13.0625 ] } },
{ "type": "Feature", "properties": { "latitude": 13.0625, "longitude": 93.0625, "region": "Andaman & Nicobar", "map_sheet_no": "86G04SW", "edition_year": 2021, "years_elapsed": 10, "erosion_length_km": 0.98, "erosion_area_ha": 1.1, "accretion_length_km": 0.82, "accretion_area_ha": 0.71, "stable_length_km": 13.21, "shoreline_change_rate_m_per_yr": -0.217 }, "geometry": { "type": "Point", "coordinates": [ 93.0625, 13.0625 ] } },
{ "type": "Feature", "properties": { "latitude": 12.9375, "longitude": 92.6875, "region": "Andaman & Nicobar", "map_sheet_no": "86D09NE", "edition_year": 2021, "years_elapsed": 10, "erosion_length_km": 0.0, "erosion_area_ha": 0.0, "accretion_length_km": 5.4, "accretion_area_ha": 8.65, "stable_length_km": 10.67, "shoreline_change_rate_m_per_yr": 1.602 }, "geometry": { "type": "Point", "coordinates": [ 92.6875, 12.9375 ] } },
{ "type": "Feature", "properties": { "latitude": 12.9375, "longitude": 92.8125, "region": "Andaman & Nicobar", "map_sheet_no": "86D13NW", "edition_year": 2021, "years_elapsed": 10, "erosion_length_km": 0.0, "erosion_area_ha": 0.0, "accretion_length_km": 1.46, "accretion_area_ha": 1.87, "stable_length_km": 12.77, "shoreline_change_rate_m_per_yr": 1.281 }, "geometry": { "type": "Point", "coordinates": [ 92.8125, 12.9375 ] } },
{ "type": "Feature", "properties": { "latitude": 12.9375, "longitude": 92.9375, "region": "Andaman & Nicobar", "map_sheet_no": "86D13NE", "edition_year": 2021, "years_elapsed": 10, "erosion_length_km": 0.88, "erosion_area_ha": 0.73, "accretion_length_km": 3.77, "accretion_area_ha": 3.04, "stable_length_km": 63.48, "shoreline_change_rate_m_per_yr": 0.497 }, "geometry": { "type": "Point", "coordinates": [ 92.9375, 12.9375 ] } },
{ "type": "Feature", "properties": { "latitude": 12.9375, "longitude": 93.0625, "region": "Andaman & Nicobar", "map_sheet_no": "86H01NW", "edition_year": 2021, "years_elapsed": 10, "erosion_length_km": 0.0, "erosion_area_ha": 0.0, "accretion_length_km": 0.0, "accretion_area_ha": 0.0, "stable_length_km": 2.23, "shoreline_change_rate_m_per_yr": 0.0 }, "geometry": { "type": "Point", "coordinates": [ 93.0625, 12.9375 ] } },
{ "type": "Feature", "properties": { "latitude": 12.8125, "longitude": 92.6875, "region": "Andaman & Nicobar", "map_sheet_no": "86D09SE", "edition_year": 2021, "years_elapsed": 10, "erosion_length_km": 0.0, "erosion_area_ha": 0.0, "accretion_length_km": 6.3, "accretion_area_ha": 7.55, "stable_length_km": 37.12, "shoreline_change_rate_m_per_yr": 1.198 }, "geometry": { "type": "Point", "coordinates": [ 92.6875, 12.8125 ] } },
{ "type": "Feature", "properties": { "latitude": 12.8125, "longitude": 92.8125, "region": "Andaman & Nicobar", "map_sheet_no": "86D13SW", "edition_year": 2021, "years_elapsed": 10, "erosion_length_km": 0.0, "erosion_area_ha": 0.0, "accretion_length_km": 0.0, "accretion_area_ha": 0.0, "stable_length_km": 0.36, "shoreline_change_rate_m_per_yr": 0.0 }, "geometry": { "type": "Point", "coordinates": [ 92.8125, 12.8125 ] } },
{ "type": "Feature", "properties": { "latitude": 12.8125, "longitude": 92.9375, "region": "Andaman & Nicobar", "map_sheet_no": "86D13SE", "edition_year": 2021, "years_elapsed": 10, "erosion_length_km": 0.5, "erosion_area_ha": 0.6, "accretion_length_km": 0.67, "accretion_area_ha": 0.57, "stable_length_km": 20.12, "shoreline_change_rate_m_per_yr": -0.026 }, "geometry": { "type": "Point", "coordinates": [ 92.9375, 12.8125 ] } },
{ "type": "Feature", "properties": { "latitude": 12.6875, "longitude": 92.6875, "region": "Andaman & Nicobar", "map_sheet_no": "86D10NE", "edition_year": 2021, "years_elapsed": 10, "erosion_length_km": 0.24, "erosion_area_ha": 0.41, "accretion_length_km": 5.43, "accretion_area_ha": 5.53, "stable_length_km": 21.64, "shoreline_change_rate_m_per_yr": 0.903 }, "geometry": { "type": "Point", "coordinates": [ 92.6875, 12.6875 ] } },
{ "type": "Feature", "properties": { "latitude": 12.6875, "longitude": 92.8125, "region": "Andaman & Nicobar", "map_sheet_no": "86D14NW", "edition_year": 2021, "years_elapsed": 10, "erosion_length_km": 0.0, "erosion_area_ha": 0.0, "accretion_length_km": 0.0, "accretion_area_ha": 0.0, "stable_length_km": 0.96, "shoreline_change_rate_m_per_yr": 0.0 }, "geometry": { "type": "Point", "coordinates": [ 92.8125, 12.6875 ] } },
{ "type": "Feature", "properties": { "latitude": 12.6875, "longitude": 92.9375, "region": "Andaman & Nicobar", "map_sheet_no": "86D14NE", "edition_year": 2021, "years_elapsed": 10, "erosion_length_km": 0.29, "erosion_area_ha": 0.27, "accretion_length_km": 3.24, "accretion_area_ha": 6.48, "stable_length_km": 16.52, "shoreline_change_rate_m_per_yr": 1.759 }, "geometry": { "type": "Point", "coordinates": [ 92.9375, 12.6875 ] } },
{ "type": "Feature", "properties": { "latitude": 12.5625, "longitude": 92.6875, "region": "Andaman & Nicobar", "map_sheet_no": "86D10SE", "edition_year": 2021, "years_elapsed": 10, "erosion_length_km": 0.8, "erosion_area_ha": 1.77, "accretion_length_km": 7.24, "accretion_area_ha": 12.33, "stable_length_km": 15.24, "shoreline_change_rate_m_per_yr": 1.313 }, "geometry": { "type": "Point", "coordinates": [ 92.6875, 12.5625 ] } },
{ "type": "Feature", "properties": { "latitude": 12.5625, "longitude": 92.9375, "region": "Andaman & Nicobar", "map_sheet_no": "86D14SE", "edition_year": 2021, "years_elapsed": 10, "erosion_length_km": 1.21, "erosion_area_ha": 1.75, "accretion_length_km": 1.9, "accretion_area_ha": 4.18, "stable_length_km": 13.11, "shoreline_change_rate_m_per_yr": 0.781 }, "geometry": { "type": "Point", "coordinates": [ 92.9375, 12.5625 ] } },
{ "type": "Feature", "properties": { "latitude": 12.4375, "longitude": 92.6875, "region": "Andaman & Nicobar", "map_sheet_no": "86D11NE", "edition_year": 2021, "years_elapsed": 10, "erosion_length_km": 1.04, "erosion_area_ha": 1.34, "accretion_length_km": 0.67, "accretion_area_ha": 0.83, "stable_length_km": 14.83, "shoreline_change_rate_m_per_yr": -0.298 }, "geometry": { "type": "Point", "coordinates": [ 92.6875, 12.4375 ] } },
{ "type": "Feature", "properties": { "latitude": 12.4375, "longitude": 92.9375, "region": "Andaman & Nicobar", "map_sheet_no": "86D15NE", "edition_year": 2021, "years_elapsed": 10, "erosion_length_km": 3.38, "erosion_area_ha": 2.55, "accretion_length_km": 0.0, "accretion_area_ha": 0.04, "stable_length_km": 25.64, "shoreline_change_rate_m_per_yr": -0.754 }, "geometry": { "type": "Point", "coordinates": [ 92.9375, 12.4375 ] } },
{ "type": "Feature", "properties": { "latitude": 12.3125, "longitude": 92.6875, "region": "Andaman & Nicobar", "map_sheet_no": "86D11SE", "edition_year": 2021, "years_elapsed": 10, "erosion_length_km": 2.27, "erosion_area_ha": 1.46, "accretion_length_km": 0.0, "accretion_area_ha": 0.03, "stable_length_km": 27.75, "shoreline_change_rate_m_per_yr": -0.643 }, "geometry": { "type": "Point", "coordinates": [ 92.6875, 12.3125 ] } },
{ "type": "Feature", "properties": { "latitude": 12.3125, "longitude": 92.9375, "region": "Andaman & Nicobar", "map_sheet_no": "86D15SE", "edition_year": 2021, "years_elapsed": 10, "erosion_length_km": 1.21, "erosion_area_ha": 1.21, "accretion_length_km": 0.65, "accretion_area_ha": 0.86, "stable_length_km": 24.96, "shoreline_change_rate_m_per_yr": -0.188 }, "geometry": { "type": "Point", "coordinates": [ 92.9375, 12.3125 ] } },
{ "type": "Feature", "properties": { "latitude": 12.3125, "longitude": 93.0625, "region": "Andaman & Nicobar", "map_sheet_no": "86H03SW", "edition_year": 2021, "years_elapsed": 10, "erosion_length_km": 0.0, "erosion_area_ha": 0.0, "accretion_length_km": 0.0, "accretion_area_ha": 0.0, "stable_length_km": 4.12, "shoreline_change_rate_m_per_yr": 0.0 }, "geometry": { "type": "Point", "coordinates": [ 93.0625, 12.3125 ] } },
{ "type": "Feature", "properties": { "latitude": 12.3125, "longitude": 93.9375, "region": "Andaman & Nicobar", "map_sheet_no": "86H15SE", "edition_year": 2021, "years_elapsed": 10, "erosion_length_km": 0.0, "erosion_area_ha": 0.0, "accretion_length_km": 0.0, "accretion_area_ha": 0.0, "stable_length_km": 1.85, "shoreline_change_rate_m_per_yr": 0.0 }, "geometry": { "type": "Point", "coordinates": [ 93.9375, 12.3125 ] } },
{ "type": "Feature", "properties": { "latitude": 12.3125, "longitude": 93.8125, "region": "Andaman & Nicobar", "map_sheet_no": "86H15SW", "edition_year": 2021, "years_elapsed": 10, "erosion_length_km": 0.0, "erosion_area_ha": 0.0, "accretion_length_km": 0.44, "accretion_area_ha": 1.65, "stable_length_km": 10.83, "shoreline_change_rate_m_per_yr": 3.75 }, "geometry": { "type": "Point", "coordinates": [ 93.8125, 12.3125 ] } },
{ "type": "Feature", "properties": { "latitude": 12.1875, "longitude": 92.6875, "region": "Andaman & Nicobar", "map_sheet_no": "86D12NE", "edition_year": 2021, "years_elapsed": 10, "erosion_length_km": 0.89, "erosion_area_ha": 0.55, "accretion_length_km": 0.36, "accretion_area_ha": 0.3, "stable_length_km": 26.87, "shoreline_change_rate_m_per_yr": -0.2 }, "geometry": { "type": "Point", "coordinates": [ 92.6875, 12.1875 ] } },
{ "type": "Feature", "properties": { "latitude": 12.1875, "longitude": 92.8125, "region": "Andaman & Nicobar", "map_sheet_no": "86D16NW", "edition_year": 2021, "years_elapsed": 10, "erosion_length_km": 4.06, "erosion_area_ha": 5.28, "accretion_length_km": 2.1, "accretion_area_ha": 3.27, "stable_length_km": 8.42, "shoreline_change_rate_m_per_yr": -0.326 }, "geometry": { "type": "Point", "coordinates": [ 92.8125, 12.1875 ] } },
{ "type": "Feature", "properties": { "latitude": 12.1875, "longitude": 92.9375, "region": "Andaman & Nicobar", "map_sheet_no": "86D16NE", "edition_year": 2021, "years_elapsed": 10, "erosion_length_km": 1.78, "erosion_area_ha": 1.54, "accretion_length_km": 0.0, "accretion_area_ha": 0.01, "stable_length_km": 20.71, "shoreline_change_rate_m_per_yr": -0.865 }, "geometry": { "type": "Point", "coordinates": [ 92.9375, 12.1875 ] } },
{ "type": "Feature", "properties": { "latitude": 12.1875, "longitude": 93.0625, "region": "Andaman & Nicobar", "map_sheet_no": "86H04NW", "edition_year": 2021, "years_elapsed": 10, "erosion_length_km": 0.31, "erosion_area_ha": 0.63, "accretion_length_km": 0.0, "accretion_area_ha": 0.0, "stable_length_km": 41.29, "shoreline_change_rate_m_per_yr": -2.032 }, "geometry": { "type": "Point", "coordinates": [ 93.0625, 12.1875 ] } },
{ "type": "Feature", "properties": { "latitude": 12.0625, "longitude": 92.5625, "region": "Andaman & Nicobar", "map_sheet_no": "86D12SW", "edition_year": 2021, "years_elapsed": 10, "erosion_length_km": 0.49, "erosion_area_ha": 0.34, "accretion_length_km": 0.34, "accretion_area_ha": 0.43, "stable_length_km": 11.34, "shoreline_change_rate_m_per_yr": 0.108 }, "geometry": { "type": "Point", "coordinates": [ 92.5625, 12.0625 ] } },
{ "type": "Feature", "properties": { "latitude": 12.0625, "longitude": 92.6875, "region": "Andaman & Nicobar", "map_sheet_no": "86D12SE", "edition_year": 2021, "years_elapsed": 10, "erosion_length_km": 0.38, "erosion_area_ha": 0.29, "accretion_length_km": 0.43, "accretion_area_ha": 0.27, "stable_length_km": 5.01, "shoreline_change_rate_m_per_yr": -0.025 }, "geometry": { "type": "Point", "coordinates": [ 92.6875, 12.0625 ] } },
{ "type": "Feature", "properties": { "latitude": 12.0625, "longitude": 92.8125, "region": "Andaman & Nicobar", "map_sheet_no": "86D16SW", "edition_year": 2021, "years_elapsed": 10, "erosion_length_km": 8.31, "erosion_area_ha": 10.05, "accretion_length_km": 0.18, "accretion_area_ha": 0.24, "stable_length_km": 4.88, "shoreline_change_rate_m_per_yr": -1.155 }, "geometry": { "type": "Point", "coordinates": [ 92.8125, 12.0625 ] } },
{ "type": "Feature", "properties": { "latitude": 12.0625, "longitude": 92.9375, "region": "Andaman & Nicobar", "map_sheet_no": "86D16SE", "edition_year": 2021, "years_elapsed": 10, "erosion_length_km": 0.0, "erosion_area_ha": 0.0, "accretion_length_km": 0.52, "accretion_area_ha": 0.73, "stable_length_km": 28.55, "shoreline_change_rate_m_per_yr": 1.404 }, "geometry": { "type": "Point", "coordinates": [ 92.9375, 12.0625 ] } },
{ "type": "Feature", "properties": { "latitude": 12.0625, "longitude": 93.0625, "region": "Andaman & Nicobar", "map_sheet_no": "86H04SW", "edition_year": 2021, "years_elapsed": 10, "erosion_length_km": 0.51, "erosion_area_ha": 0.41, "accretion_length_km": 0.0, "accretion_area_ha": 0.0, "stable_length_km": 23.85, "shoreline_change_rate_m_per_yr": -0.804 }, "geometry": { "type": "Point", "coordinates": [ 93.0625, 12.0625 ] } },
{ "type": "Feature", "properties": { "latitude": 11.9375, "longitude": 92.5625, "region": "Andaman & Nicobar", "map_sheet_no": "87A09NW", "edition_year": 2021, "years_elapsed": 10, "erosion_length_km": 0.0, "erosion_area_ha": 0.0, "accretion_length_km": 0.87, "accretion_area_ha": 1.21, "stable_length_km": 41.01, "shoreline_change_rate_m_per_yr": 1.391 }, "geometry": { "type": "Point", "coordinates": [ 92.5625, 11.9375 ] } },
{ "type": "Feature", "properties": { "latitude": 11.9375, "longitude": 92.6875, "region": "Andaman & Nicobar", "map_sheet_no": "87A09NE", "edition_year": 2021, "years_elapsed": 10, "erosion_length_km": 0.61, "erosion_area_ha": 0.58, "accretion_length_km": 0.0, "accretion_area_ha": 0.0, "stable_length_km": 5.3, "shoreline_change_rate_m_per_yr": -0.951 }, "geometry": { "type": "Point", "coordinates": [ 92.6875, 11.9375 ] } },
{ "type": "Feature", "properties": { "latitude": 11.9375, "longitude": 92.8125, "region": "Andaman & Nicobar", "map_sheet_no": "87A13NW", "edition_year": 2021, "years_elapsed": 10, "erosion_length_km": 7.33, "erosion_area_ha": 8.63, "accretion_length_km": 0.2, "accretion_area_ha": 0.17, "stable_length_km": 11.77, "shoreline_change_rate_m_per_yr": -1.124 }, "geometry": { "type": "Point", "coordinates": [ 92.8125, 11.9375 ] } },
{ "type": "Feature", "properties": { "latitude": 11.9375, "longitude": 92.9375, "region": "Andaman & Nicobar", "map_sheet_no": "87A13NE", "edition_year": 2021, "years_elapsed": 10, "erosion_length_km": 0.0, "erosion_area_ha": 0.0, "accretion_length_km": 0.0, "accretion_area_ha": 0.29, "stable_length_km": 14.68, "shoreline_change_rate_m_per_yr": 0.0 }, "geometry": { "type": "Point", "coordinates": [ 92.9375, 11.9375 ] } },
{ "type": "Feature", "properties": { "latitude": 11.9375, "longitude": 93.0625, "region": "Andaman & Nicobar", "map_sheet_no": "87E01NW", "edition_year": 2021, "years_elapsed": 10, "erosion_length_km": 3.47, "erosion_area_ha": 3.23, "accretion_length_km": 0.0, "accretion_area_ha": 0.0, "stable_length_km": 20.95, "shoreline_change_rate_m_per_yr": -0.931 }, "geometry": { "type": "Point", "coordinates": [ 93.0625, 11.9375 ] } },
{ "type": "Feature", "properties": { "latitude": 11.8125, "longitude": 92.5625, "region": "Andaman & Nicobar", "map_sheet_no": "87A09SW", "edition_year": 2021, "years_elapsed": 10, "erosion_length_km": 0.23, "erosion_area_ha": 0.21, "accretion_length_km": 1.33, "accretion_area_ha": 0.95, "stable_length_km": 16.14, "shoreline_change_rate_m_per_yr": 0.474 }, "geometry": { "type": "Point", "coordinates": [ 92.5625, 11.8125 ] } },
{ "type": "Feature", "properties": { "latitude": 11.8125, "longitude": 92.8125, "region": "Andaman & Nicobar", "map_sheet_no": "87A13SW", "edition_year": 2021, "years_elapsed": 10, "erosion_length_km": 6.38, "erosion_area_ha": 8.69, "accretion_length_km": 0.0, "accretion_area_ha": 0.0, "stable_length_km": 10.69, "shoreline_change_rate_m_per_yr": -1.362 }, "geometry": { "type": "Point", "coordinates": [ 92.8125, 11.8125 ] } },
{ "type": "Feature", "properties": { "latitude": 11.8125, "longitude": 93.0625, "region": "Andaman & Nicobar", "map_sheet_no": "87E01SW", "edition_year": 2021, "years_elapsed": 10, "erosion_length_km": 0.68, "erosion_area_ha": 0.85, "accretion_length_km": 0.25, "accretion_area_ha": 0.42, "stable_length_km": 21.69, "shoreline_change_rate_m_per_yr": -0.462 }, "geometry": { "type": "Point", "coordinates": [ 93.0625, 11.8125 ] } },
{ "type": "Feature", "properties": { "latitude": 11.6875, "longitude": 92.5625, "region": "Andaman & Nicobar", "map_sheet_no": "87A10NW", "edition_year": 2021, "years_elapsed": 10, "erosion_length_km": 2.03, "erosion_area_ha": 3.94, "accretion_length_km": 0.72, "accretion_area_ha": 2.96, "stable_length_km": 24.52, "shoreline_change_rate_m_per_yr": -0.356 }, "geometry": { "type": "Point", "coordinates": [ 92.5625, 11.6875 ] } },
{ "type": "Feature", "properties": { "latitude": 11.6875, "longitude": 92.6875, "region": "Andaman & Nicobar", "map_sheet_no": "87A10NE", "edition_year": 2021, "years_elapsed": 10, "erosion_length_km": 3.87, "erosion_area_ha": 3.79, "accretion_length_km": 0.0, "accretion_area_ha": 0.0, "stable_length_km": 36.54, "shoreline_change_rate_m_per_yr": -0.979 }, "geometry": { "type": "Point", "coordinates": [ 92.6875, 11.6875 ] } },
{ "type": "Feature", "properties": { "latitude": 11.6875, "longitude": 92.8125, "region": "Andaman & Nicobar", "map_sheet_no": "87A14NW", "edition_year": 2021, "years_elapsed": 10, "erosion_length_km": 2.2, "erosion_area_ha": 1.79, "accretion_length_km": 0.11, "accretion_area_ha": 0.15, "stable_length_km": 14.27, "shoreline_change_rate_m_per_yr": -0.71 }, "geometry": { "type": "Point", "coordinates": [ 92.8125, 11.6875 ] } },
{ "type": "Feature", "properties": { "latitude": 11.5625, "longitude": 92.1875, "region": "Andaman & Nicobar", "map_sheet_no": "87A02SE", "edition_year": 2021, "years_elapsed": 10, "erosion_length_km": 0.0, "erosion_area_ha": 0.0, "accretion_length_km": 1.51, "accretion_area_ha": 3.3, "stable_length_km": 15.92, "shoreline_change_rate_m_per_yr": 2.185 }, "geometry": { "type": "Point", "coordinates": [ 92.1875, 11.5625 ] } },
{ "type": "Feature", "properties": { "latitude": 11.5625, "longitude": 92.3125, "region": "Andaman & Nicobar", "map_sheet_no": "87A06SW", "edition_year": 2021, "years_elapsed": 10, "erosion_length_km": 0.0, "erosion_area_ha": 0.0, "accretion_length_km": 0.55, "accretion_area_ha": 1.1, "stable_length_km": 12.68, "shoreline_change_rate_m_per_yr": 2.0 }, "geometry": { "type": "Point", "coordinates": [ 92.3125, 11.5625 ] } },
{ "type": "Feature", "properties": { "latitude": 11.5625, "longitude": 92.5625, "region": "Andaman & Nicobar", "map_sheet_no": "87A10SW", "edition_year": 2021, "years_elapsed": 10, "erosion_length_km": 12.08, "erosion_area_ha": 12.85, "accretion_length_km": 2.87, "accretion_area_ha": 2.37, "stable_length_km": 37.9, "shoreline_change_rate_m_per_yr": -0.701 }, "geometry": { "type": "Point", "coordinates": [ 92.5625, 11.5625 ] } },
{ "type": "Feature", "properties": { "latitude": 11.5625, "longitude": 92.6875, "region": "Andaman & Nicobar", "map_sheet_no": "87A10SE", "edition_year": 2021, "years_elapsed": 10, "erosion_length_km": 9.74, "erosion_area_ha": 9.25, "accretion_length_km": 0.19, "accretion_area_ha": 0.2, "stable_length_km": 18.32, "shoreline_change_rate_m_per_yr": -0.911 }, "geometry": { "type": "Point", "coordinates": [ 92.6875, 11.5625 ] } },
{ "type": "Feature", "properties": { "latitude": 11.5625, "longitude": 92.8125, "region": "Andaman & Nicobar", "map_sheet_no": "87A14SW", "edition_year": 2021, "years_elapsed": 10, "erosion_length_km": 0.37, "erosion_area_ha": 0.43, "accretion_length_km": 0.0, "accretion_area_ha": 0.0, "stable_length_km": 2.21, "shoreline_change_rate_m_per_yr": -1.162 }, "geometry": { "type": "Point", "coordinates": [ 92.8125, 11.5625 ] } },
{ "type": "Feature", "properties": { "latitude": 11.4375, "longitude": 92.5625, "region": "Andaman & Nicobar", "map_sheet_no": "87A11NW", "edition_year": 2021, "years_elapsed": 10, "erosion_length_km": 5.84, "erosion_area_ha": 6.57, "accretion_length_km": 1.28, "accretion_area_ha": 1.31, "stable_length_km": 14.8, "shoreline_change_rate_m_per_yr": -0.739 }, "geometry": { "type": "Point", "coordinates": [ 92.5625, 11.4375 ] } },
{ "type": "Feature", "properties": { "latitude": 11.4375, "longitude": 92.6875, "region": "Andaman & Nicobar", "map_sheet_no": "87A11NE", "edition_year": 2021, "years_elapsed": 10, "erosion_length_km": 7.93, "erosion_area_ha": 6.42, "accretion_length_km": 0.18, "accretion_area_ha": 0.13, "stable_length_km": 27.36, "shoreline_change_rate_m_per_yr": -0.776 }, "geometry": { "type": "Point", "coordinates": [ 92.6875, 11.4375 ] } },
{ "type": "Feature", "properties": { "latitude": 11.3125, "longitude": 92.5625, "region": "Andaman & Nicobar", "map_sheet_no": "87A11SW", "edition_year": 2021, "years_elapsed": 10, "erosion_length_km": 0.4, "erosion_area_ha": 0.28, "accretion_length_km": 0.27, "accretion_area_ha": 0.1, "stable_length_km": 7.35, "shoreline_change_rate_m_per_yr": -0.269 }, "geometry": { "type": "Point", "coordinates": [ 92.5625, 11.3125 ] } },
{ "type": "Feature", "properties": { "latitude": 11.3125, "longitude": 92.6875, "region": "Andaman & Nicobar", "map_sheet_no": "87A11SE", "edition_year": 2021, "years_elapsed": 10, "erosion_length_km": 6.9, "erosion_area_ha": 8.51, "accretion_length_km": 0.0, "accretion_area_ha": 0.0, "stable_length_km": 25.64, "shoreline_change_rate_m_per_yr": -1.233 }, "geometry": { "type": "Point", "coordinates": [ 92.6875, 11.3125 ] } },
{ "type": "Feature", "properties": { "latitude": 11.1875, "longitude": 92.6875, "region": "Andaman & Nicobar", "map_sheet_no": "87A12NE", "edition_year": 2021, "years_elapsed": 10, "erosion_length_km": 0.28, "erosion_area_ha": 0.24, "accretion_length_km": 0.0, "accretion_area_ha": 0.0, "stable_length_km": 1.51, "shoreline_change_rate_m_per_yr": -0.857 }, "geometry": { "type": "Point", "coordinates": [ 92.6875, 11.1875 ] } },
{ "type": "Feature", "properties": { "latitude": 10.9375, "longitude": 92.4375, "region": "Andaman & Nicobar", "map_sheet_no": "87B05NE", "edition_year": 2021, "years_elapsed": 10, "erosion_length_km": 0.0, "erosion_area_ha": 0.0, "accretion_length_km": 1.62, "accretion_area_ha": 3.03, "stable_length_km": 1.43, "shoreline_change_rate_m_per_yr": 1.87 }, "geometry": { "type": "Point", "coordinates": [ 92.4375, 10.9375 ] } },
{ "type": "Feature", "properties": { "latitude": 10.9375, "longitude": 92.5625, "region": "Andaman & Nicobar", "map_sheet_no": "87B09NW", "edition_year": 2021, "years_elapsed": 10, "erosion_length_km": 0.0, "erosion_area_ha": 0.0, "accretion_length_km": 4.53, "accretion_area_ha": 13.66, "stable_length_km": 2.14, "shoreline_change_rate_m_per_yr": 3.015 }, "geometry": { "type": "Point", "coordinates": [ 92.5625, 10.9375 ] } },
{ "type": "Feature", "properties": { "latitude": 10.8125, "longitude": 92.4375, "region": "Andaman & Nicobar", "map_sheet_no": "87B05SE", "edition_year": 2021, "years_elapsed": 10, "erosion_length_km": 0.0, "erosion_area_ha": 0.0, "accretion_length_km": 19.79, "accretion_area_ha": 88.08, "stable_length_km": 6.22, "shoreline_change_rate_m_per_yr": 4.451 }, "geometry": { "type": "Point", "coordinates": [ 92.4375, 10.8125 ] } },
{ "type": "Feature", "properties": { "latitude": 10.8125, "longitude": 92.5625, "region": "Andaman & Nicobar", "map_sheet_no": "87B09SW", "edition_year": 2021, "years_elapsed": 10, "erosion_length_km": 1.01, "erosion_area_ha": 1.14, "accretion_length_km": 6.0, "accretion_area_ha": 12.7, "stable_length_km": 10.24, "shoreline_change_rate_m_per_yr": 1.649 }, "geometry": { "type": "Point", "coordinates": [ 92.5625, 10.8125 ] } },
{ "type": "Feature", "properties": { "latitude": 10.6875, "longitude": 92.4375, "region": "Andaman & Nicobar", "map_sheet_no": "87B06NE", "edition_year": 2021, "years_elapsed": 10, "erosion_length_km": 0.0, "erosion_area_ha": 0.0, "accretion_length_km": 6.5, "accretion_area_ha": 51.25, "stable_length_km": 10.8, "shoreline_change_rate_m_per_yr": 7.885 }, "geometry": { "type": "Point", "coordinates": [ 92.4375, 10.6875 ] } },
{ "type": "Feature", "properties": { "latitude": 10.6875, "longitude": 92.5625, "region": "Andaman & Nicobar", "map_sheet_no": "87B10NW", "edition_year": 2021, "years_elapsed": 10, "erosion_length_km": 0.0, "erosion_area_ha": 0.0, "accretion_length_km": 1.54, "accretion_area_ha": 2.92, "stable_length_km": 17.52, "shoreline_change_rate_m_per_yr": 1.896 }, "geometry": { "type": "Point", "coordinates": [ 92.5625, 10.6875 ] } },
{ "type": "Feature", "properties": { "latitude": 10.5625, "longitude": 92.4375, "region": "Andaman & Nicobar", "map_sheet_no": "87B06SE", "edition_year": 2021, "years_elapsed": 10, "erosion_length_km": 1.19, "erosion_area_ha": 1.65, "accretion_length_km": 16.02, "accretion_area_ha": 45.23, "stable_length_km": 10.05, "shoreline_change_rate_m_per_yr": 2.532 }, "geometry": { "type": "Point", "coordinates": [ 92.4375, 10.5625 ] } },
{ "type": "Feature", "properties": { "latitude": 10.5625, "longitude": 92.5625, "region": "Andaman & Nicobar", "map_sheet_no": "87B10SW", "edition_year": 2021, "years_elapsed": 10, "erosion_length_km": 0.89, "erosion_area_ha": 1.38, "accretion_length_km": 4.14, "accretion_area_ha": 20.49, "stable_length_km": 14.03, "shoreline_change_rate_m_per_yr": 3.799 }, "geometry": { "type": "Point", "coordinates": [ 92.5625, 10.5625 ] } },
{ "type": "Feature", "properties": { "latitude": 9.3125, "longitude": 92.8125, "region": "Andaman & Nicobar", "map_sheet_no": "87C15SW", "edition_year": 2021, "years_elapsed": 10, "erosion_length_km": 1.06, "erosion_area_ha": 2.28, "accretion_length_km": 0.0, "accretion_area_ha": 0.0, "stable_length_km": 0.83, "shoreline_change_rate_m_per_yr": -2.151 }, "geometry": { "type": "Point", "coordinates": [ 92.8125, 9.3125 ] } },
{ "type": "Feature", "properties": { "latitude": 9.1875, "longitude": 92.6875, "region": "Andaman & Nicobar", "map_sheet_no": "87C12NE", "edition_year": 2021, "years_elapsed": 10, "erosion_length_km": 1.28, "erosion_area_ha": 2.64, "accretion_length_km": 0.24, "accretion_area_ha": 0.55, "stable_length_km": 13.84, "shoreline_change_rate_m_per_yr": -1.375 }, "geometry": { "type": "Point", "coordinates": [ 92.6875, 9.1875 ] } },
{ "type": "Feature", "properties": { "latitude": 9.1875, "longitude": 92.8125, "region": "Andaman & Nicobar", "map_sheet_no": "87C16NW", "edition_year": 2021, "years_elapsed": 10, "erosion_length_km": 7.36, "erosion_area_ha": 18.86, "accretion_length_km": 4.7, "accretion_area_ha": 27.2, "stable_length_km": 16.11, "shoreline_change_rate_m_per_yr": 0.692 }, "geometry": { "type": "Point", "coordinates": [ 92.8125, 9.1875 ] } },
{ "type": "Feature", "properties": { "latitude": 9.0625, "longitude": 92.6875, "region": "Andaman & Nicobar", "map_sheet_no": "87C12SE", "edition_year": 2021, "years_elapsed": 10, "erosion_length_km": 0.0, "erosion_area_ha": 0.0, "accretion_length_km": 0.0, "accretion_area_ha": 0.0, "stable_length_km": 1.34, "shoreline_change_rate_m_per_yr": 0.0 }, "geometry": { "type": "Point", "coordinates": [ 92.6875, 9.0625 ] } },
{ "type": "Feature", "properties": { "latitude": 9.0625, "longitude": 92.8125, "region": "Andaman & Nicobar", "map_sheet_no": "87C16SW", "edition_year": 2021, "years_elapsed": 10, "erosion_length_km": 0.0, "erosion_area_ha": 0.0, "accretion_length_km": 1.49, "accretion_area_ha": 3.48, "stable_length_km": 3.07, "shoreline_change_rate_m_per_yr": 2.336 }, "geometry": { "type": "Point", "coordinates": [ 92.8125, 9.0625 ] } },
{ "type": "Feature", "properties": { "latitude": 8.5625, "longitude": 93.6875, "region": "Andaman & Nicobar", "map_sheet_no": "87H10SE", "edition_year": 2021, "years_elapsed": 10, "erosion_length_km": 0.0, "erosion_area_ha": 0.0, "accretion_length_km": 0.0, "accretion_area_ha": 0.0, "stable_length_km": 7.15, "shoreline_change_rate_m_per_yr": 0.0 }, "geometry": { "type": "Point", "coordinates": [ 93.6875, 8.5625 ] } },
{ "type": "Feature", "properties": { "latitude": 8.5625, "longitude": 93.5625, "region": "Andaman & Nicobar", "map_sheet_no": "87H10SW", "edition_year": 2021, "years_elapsed": 10, "erosion_length_km": 0.0, "erosion_area_ha": 0.0, "accretion_length_km": 0.0, "accretion_area_ha": 0.01, "stable_length_km": 18.17, "shoreline_change_rate_m_per_yr": 0.0 }, "geometry": { "type": "Point", "coordinates": [ 93.5625, 8.5625 ] } },
{ "type": "Feature", "properties": { "latitude": 8.4375, "longitude": 93.6875, "region": "Andaman & Nicobar", "map_sheet_no": "87H11NE", "edition_year": 2021, "years_elapsed": 10, "erosion_length_km": 0.0, "erosion_area_ha": 0.0, "accretion_length_km": 0.0, "accretion_area_ha": 0.0, "stable_length_km": 18.1, "shoreline_change_rate_m_per_yr": 0.0 }, "geometry": { "type": "Point", "coordinates": [ 93.6875, 8.4375 ] } },
{ "type": "Feature", "properties": { "latitude": 8.4375, "longitude": 93.5625, "region": "Andaman & Nicobar", "map_sheet_no": "87H11NW", "edition_year": 2021, "years_elapsed": 10, "erosion_length_km": 0.44, "erosion_area_ha": 0.31, "accretion_length_km": 0.48, "accretion_area_ha": 0.52, "stable_length_km": 12.37, "shoreline_change_rate_m_per_yr": 0.228 }, "geometry": { "type": "Point", "coordinates": [ 93.5625, 8.4375 ] } },
{ "type": "Feature", "properties": { "latitude": 8.4375, "longitude": 93.0625, "region": "Andaman & Nicobar", "map_sheet_no": "87H03NW", "edition_year": 2021, "years_elapsed": 10, "erosion_length_km": 0.79, "erosion_area_ha": 0.91, "accretion_length_km": 1.22, "accretion_area_ha": 1.69, "stable_length_km": 7.72, "shoreline_change_rate_m_per_yr": 0.388 }, "geometry": { "type": "Point", "coordinates": [ 93.0625, 8.4375 ] } },
{ "type": "Feature", "properties": { "latitude": 8.3125, "longitude": 93.1875, "region": "Andaman & Nicobar", "map_sheet_no": "87H03SE", "edition_year": 2021, "years_elapsed": 10, "erosion_length_km": 0.7, "erosion_area_ha": 1.48, "accretion_length_km": 3.77, "accretion_area_ha": 9.97, "stable_length_km": 14.84, "shoreline_change_rate_m_per_yr": 1.899 }, "geometry": { "type": "Point", "coordinates": [ 93.1875, 8.3125 ] } },
{ "type": "Feature", "properties": { "latitude": 8.3125, "longitude": 93.0625, "region": "Andaman & Nicobar", "map_sheet_no": "87H03SW", "edition_year": 2021, "years_elapsed": 10, "erosion_length_km": 0.0, "erosion_area_ha": 0.02, "accretion_length_km": 4.43, "accretion_area_ha": 7.12, "stable_length_km": 11.63, "shoreline_change_rate_m_per_yr": 1.607 }, "geometry": { "type": "Point", "coordinates": [ 93.0625, 8.3125 ] } },
{ "type": "Feature", "properties": { "latitude": 8.1875, "longitude": 93.5625, "region": "Andaman & Nicobar", "map_sheet_no": "87H12NW", "edition_year": 2021, "years_elapsed": 10, "erosion_length_km": 1.61, "erosion_area_ha": 5.05, "accretion_length_km": 6.78, "accretion_area_ha": 51.05, "stable_length_km": 21.8, "shoreline_change_rate_m_per_yr": 5.483 }, "geometry": { "type": "Point", "coordinates": [ 93.5625, 8.1875 ] } },
{ "type": "Feature", "properties": { "latitude": 8.1875, "longitude": 93.4375, "region": "Andaman & Nicobar", "map_sheet_no": "87H08NE", "edition_year": 2021, "years_elapsed": 10, "erosion_length_km": 3.16, "erosion_area_ha": 6.94, "accretion_length_km": 8.49, "accretion_area_ha": 43.5, "stable_length_km": 5.27, "shoreline_change_rate_m_per_yr": 3.138 }, "geometry": { "type": "Point", "coordinates": [ 93.4375, 8.1875 ] } },
{ "type": "Feature", "properties": { "latitude": 8.1875, "longitude": 93.3125, "region": "Andaman & Nicobar", "map_sheet_no": "87H08NW", "edition_year": 2021, "years_elapsed": 10, "erosion_length_km": 0.0, "erosion_area_ha": 0.0, "accretion_length_km": 0.0, "accretion_area_ha": 0.0, "stable_length_km": 0.3, "shoreline_change_rate_m_per_yr": 0.0 }, "geometry": { "type": "Point", "coordinates": [ 93.3125, 8.1875 ] } },
{ "type": "Feature", "properties": { "latitude": 8.1875, "longitude": 93.1875, "region": "Andaman & Nicobar", "map_sheet_no": "87H04NE", "edition_year": 2021, "years_elapsed": 10, "erosion_length_km": 0.0, "erosion_area_ha": 0.03, "accretion_length_km": 6.87, "accretion_area_ha": 11.82, "stable_length_km": 21.26, "shoreline_change_rate_m_per_yr": 1.721 }, "geometry": { "type": "Point", "coordinates": [ 93.1875, 8.1875 ] } },
{ "type": "Feature", "properties": { "latitude": 8.1875, "longitude": 93.0625, "region": "Andaman & Nicobar", "map_sheet_no": "87H04NW", "edition_year": 2021, "years_elapsed": 10, "erosion_length_km": 0.0, "erosion_area_ha": 0.0, "accretion_length_km": 2.8, "accretion_area_ha": 5.05, "stable_length_km": 1.82, "shoreline_change_rate_m_per_yr": 1.804 }, "geometry": { "type": "Point", "coordinates": [ 93.0625, 8.1875 ] } },
{ "type": "Feature", "properties": { "latitude": 8.0625, "longitude": 93.5625, "region": "Andaman & Nicobar", "map_sheet_no": "87H12SW", "edition_year": 2021, "years_elapsed": 10, "erosion_length_km": 5.68, "erosion_area_ha": 10.9, "accretion_length_km": 9.4, "accretion_area_ha": 52.64, "stable_length_km": 36.36, "shoreline_change_rate_m_per_yr": 2.768 }, "geometry": { "type": "Point", "coordinates": [ 93.5625, 8.0625 ] } },
{ "type": "Feature", "properties": { "latitude": 8.0625, "longitude": 93.4375, "region": "Andaman & Nicobar", "map_sheet_no": "87H08SE", "edition_year": 2021, "years_elapsed": 10, "erosion_length_km": 2.87, "erosion_area_ha": 5.06, "accretion_length_km": 0.23, "accretion_area_ha": 1.56, "stable_length_km": 22.27, "shoreline_change_rate_m_per_yr": -1.129 }, "geometry": { "type": "Point", "coordinates": [ 93.4375, 8.0625 ] } },
{ "type": "Feature", "properties": { "latitude": 8.0625, "longitude": 93.3125, "region": "Andaman & Nicobar", "map_sheet_no": "87H08SW", "edition_year": 2021, "years_elapsed": 10, "erosion_length_km": 0.0, "erosion_area_ha": 0.0, "accretion_length_km": 0.16, "accretion_area_ha": 0.45, "stable_length_km": 7.81, "shoreline_change_rate_m_per_yr": 2.812 }, "geometry": { "type": "Point", "coordinates": [ 93.3125, 8.0625 ] } },
{ "type": "Feature", "properties": { "latitude": 7.9375, "longitude": 93.5625, "region": "Andaman & Nicobar", "map_sheet_no": "88E09NW", "edition_year": 2021, "years_elapsed": 10, "erosion_length_km": 0.45, "erosion_area_ha": 1.55, "accretion_length_km": 1.34, "accretion_area_ha": 2.86, "stable_length_km": 23.83, "shoreline_change_rate_m_per_yr": 0.732 }, "geometry": { "type": "Point", "coordinates": [ 93.5625, 7.9375 ] } },
{ "type": "Feature", "properties": { "latitude": 7.9375, "longitude": 93.4375, "region": "Andaman & Nicobar", "map_sheet_no": "88E05NE", "edition_year": 2021, "years_elapsed": 10, "erosion_length_km": 7.0, "erosion_area_ha": 18.23, "accretion_length_km": 5.43, "accretion_area_ha": 22.78, "stable_length_km": 20.59, "shoreline_change_rate_m_per_yr": 0.366 }, "geometry": { "type": "Point", "coordinates": [ 93.4375, 7.9375 ] } },
{ "type": "Feature", "properties": { "latitude": 7.9375, "longitude": 93.3125, "region": "Andaman & Nicobar", "map_sheet_no": "88E05NW", "edition_year": 2021, "years_elapsed": 10, "erosion_length_km": 0.0, "erosion_area_ha": 0.0, "accretion_length_km": 1.86, "accretion_area_ha": 5.15, "stable_length_km": 17.91, "shoreline_change_rate_m_per_yr": 2.769 }, "geometry": { "type": "Point", "coordinates": [ 93.3125, 7.9375 ] } },
{ "type": "Feature", "properties": { "latitude": 7.8125, "longitude": 93.4375, "region": "Andaman & Nicobar", "map_sheet_no": "88E05SE", "edition_year": 2021, "years_elapsed": 10, "erosion_length_km": 0.27, "erosion_area_ha": 0.38, "accretion_length_km": 0.0, "accretion_area_ha": 0.0, "stable_length_km": 1.23, "shoreline_change_rate_m_per_yr": -1.407 }, "geometry": { "type": "Point", "coordinates": [ 93.4375, 7.8125 ] } },
{ "type": "Feature", "properties": { "latitude": 7.4375, "longitude": 93.8125, "region": "Andaman & Nicobar", "map_sheet_no": "88E15NW", "edition_year": 2021, "years_elapsed": 10, "erosion_length_km": 1.13, "erosion_area_ha": 1.96, "accretion_length_km": 0.13, "accretion_area_ha": 0.18, "stable_length_km": 3.58, "shoreline_change_rate_m_per_yr": -1.413 }, "geometry": { "type": "Point", "coordinates": [ 93.8125, 7.4375 ] } },
{ "type": "Feature", "properties": { "latitude": 7.4375, "longitude": 93.6875, "region": "Andaman & Nicobar", "map_sheet_no": "88E11NE", "edition_year": 2021, "years_elapsed": 10, "erosion_length_km": 5.03, "erosion_area_ha": 15.37, "accretion_length_km": 3.14, "accretion_area_ha": 13.94, "stable_length_km": 21.36, "shoreline_change_rate_m_per_yr": -0.175 }, "geometry": { "type": "Point", "coordinates": [ 93.6875, 7.4375 ] } },
{ "type": "Feature", "properties": { "latitude": 7.3125, "longitude": 93.8125, "region": "Andaman & Nicobar", "map_sheet_no": "88E15SW", "edition_year": 2021, "years_elapsed": 10, "erosion_length_km": 0.85, "erosion_area_ha": 2.31, "accretion_length_km": 0.0, "accretion_area_ha": 0.0, "stable_length_km": 2.08, "shoreline_change_rate_m_per_yr": -2.718 }, "geometry": { "type": "Point", "coordinates": [ 93.8125, 7.3125 ] } },
{ "type": "Feature", "properties": { "latitude": 7.3125, "longitude": 93.6875, "region": "Andaman & Nicobar", "map_sheet_no": "88E11SE", "edition_year": 2021, "years_elapsed": 10, "erosion_length_km": 14.56, "erosion_area_ha": 35.48, "accretion_length_km": 3.49, "accretion_area_ha": 17.29, "stable_length_km": 22.44, "shoreline_change_rate_m_per_yr": -1.008 }, "geometry": { "type": "Point", "coordinates": [ 93.6875, 7.3125 ] } },
{ "type": "Feature", "properties": { "latitude": 7.3125, "longitude": 93.5625, "region": "Andaman & Nicobar", "map_sheet_no": "88E11SW", "edition_year": 2021, "years_elapsed": 10, "erosion_length_km": 0.0, "erosion_area_ha": 0.0, "accretion_length_km": 0.0, "accretion_area_ha": 0.0, "stable_length_km": 0.85, "shoreline_change_rate_m_per_yr": 0.0 }, "geometry": { "type": "Point", "coordinates": [ 93.5625, 7.3125 ] } },
{ "type": "Feature", "properties": { "latitude": 7.1875, "longitude": 93.9375, "region": "Andaman & Nicobar", "map_sheet_no": "88E16NE", "edition_year": 2021, "years_elapsed": 10, "erosion_length_km": 2.2, "erosion_area_ha": 4.82, "accretion_length_km": 0.29, "accretion_area_ha": 0.87, "stable_length_km": 10.01, "shoreline_change_rate_m_per_yr": -1.586 }, "geometry": { "type": "Point", "coordinates": [ 93.9375, 7.1875 ] } },
{ "type": "Feature", "properties": { "latitude": 7.1875, "longitude": 93.8125, "region": "Andaman & Nicobar", "map_sheet_no": "88E16NW", "edition_year": 2021, "years_elapsed": 10, "erosion_length_km": 5.61, "erosion_area_ha": 11.99, "accretion_length_km": 0.61, "accretion_area_ha": 1.29, "stable_length_km": 19.01, "shoreline_change_rate_m_per_yr": -1.72 }, "geometry": { "type": "Point", "coordinates": [ 93.8125, 7.1875 ] } },
{ "type": "Feature", "properties": { "latitude": 7.1875, "longitude": 93.6875, "region": "Andaman & Nicobar", "map_sheet_no": "88E12NE", "edition_year": 2021, "years_elapsed": 10, "erosion_length_km": 6.2, "erosion_area_ha": 21.01, "accretion_length_km": 6.01, "accretion_area_ha": 46.35, "stable_length_km": 18.67, "shoreline_change_rate_m_per_yr": 2.075 }, "geometry": { "type": "Point", "coordinates": [ 93.6875, 7.1875 ] } },
{ "type": "Feature", "properties": { "latitude": 7.0625, "longitude": 93.9375, "region": "Andaman & Nicobar", "map_sheet_no": "88E16SE", "edition_year": 2021, "years_elapsed": 10, "erosion_length_km": 10.72, "erosion_area_ha": 29.96, "accretion_length_km": 1.72, "accretion_area_ha": 7.65, "stable_length_km": 10.68, "shoreline_change_rate_m_per_yr": -1.793 }, "geometry": { "type": "Point", "coordinates": [ 93.9375, 7.0625 ] } },
{ "type": "Feature", "properties": { "latitude": 7.0625, "longitude": 93.6875, "region": "Andaman & Nicobar", "map_sheet_no": "88E12SE", "edition_year": 2021, "years_elapsed": 10, "erosion_length_km": 4.69, "erosion_area_ha": 19.62, "accretion_length_km": 10.44, "accretion_area_ha": 101.12, "stable_length_km": 8.95, "shoreline_change_rate_m_per_yr": 5.387 }, "geometry": { "type": "Point", "coordinates": [ 93.6875, 7.0625 ] } },
{ "type": "Feature", "properties": { "latitude": 6.9375, "longitude": 93.9375, "region": "Andaman & Nicobar", "map_sheet_no": "88F13NE", "edition_year": 2021, "years_elapsed": 10, "erosion_length_km": 13.62, "erosion_area_ha": 37.86, "accretion_length_km": 2.8, "accretion_area_ha": 7.93, "stable_length_km": 8.29, "shoreline_change_rate_m_per_yr": -1.823 }, "geometry": { "type": "Point", "coordinates": [ 93.9375, 6.9375 ] } },
{ "type": "Feature", "properties": { "latitude": 6.9375, "longitude": 93.8125, "region": "Andaman & Nicobar", "map_sheet_no": "88F13NW", "edition_year": 2021, "years_elapsed": 10, "erosion_length_km": 4.97, "erosion_area_ha": 19.33, "accretion_length_km": 6.39, "accretion_area_ha": 35.77, "stable_length_km": 3.77, "shoreline_change_rate_m_per_yr": 1.447 }, "geometry": { "type": "Point", "coordinates": [ 93.8125, 6.9375 ] } },
{ "type": "Feature", "properties": { "latitude": 6.9375, "longitude": 93.6875, "region": "Andaman & Nicobar", "map_sheet_no": "88F09NE", "edition_year": 2021, "years_elapsed": 10, "erosion_length_km": 2.47, "erosion_area_ha": 20.01, "accretion_length_km": 4.58, "accretion_area_ha": 39.29, "stable_length_km": 2.81, "shoreline_change_rate_m_per_yr": 2.735 }, "geometry": { "type": "Point", "coordinates": [ 93.6875, 6.9375 ] } },
{ "type": "Feature", "properties": { "latitude": 6.8125, "longitude": 93.9375, "region": "Andaman & Nicobar", "map_sheet_no": "88F13SE", "edition_year": 2021, "years_elapsed": 10, "erosion_length_km": 7.9, "erosion_area_ha": 25.13, "accretion_length_km": 1.61, "accretion_area_ha": 6.68, "stable_length_km": 5.7, "shoreline_change_rate_m_per_yr": -1.94 }, "geometry": { "type": "Point", "coordinates": [ 93.9375, 6.8125 ] } },
{ "type": "Feature", "properties": { "latitude": 6.8125, "longitude": 93.8125, "region": "Andaman & Nicobar", "map_sheet_no": "88F13SW", "edition_year": 2021, "years_elapsed": 10, "erosion_length_km": 10.6, "erosion_area_ha": 42.57, "accretion_length_km": 11.13, "accretion_area_ha": 99.91, "stable_length_km": 11.02, "shoreline_change_rate_m_per_yr": 2.639 }, "geometry": { "type": "Point", "coordinates": [ 93.8125, 6.8125 ] } },
{ "type": "Feature", "properties": { "latitude": 21.5625, "longitude": 87.4375, "region": "Odisha", "map_sheet_no": "73O06SE", "edition_year": 2021, "years_elapsed": 10, "erosion_length_km": 3.06, "erosion_area_ha": 20.49, "accretion_length_km": 4.21, "accretion_area_ha": 17.98, "stable_length_km": 0.94, "shoreline_change_rate_m_per_yr": -0.345 }, "geometry": { "type": "Point", "coordinates": [ 87.4375, 21.5625 ] } },
{ "type": "Feature", "properties": { "latitude": 21.5625, "longitude": 87.3125, "region": "Odisha", "map_sheet_no": "73O06SW", "edition_year": 2021, "years_elapsed": 10, "erosion_length_km": 2.48, "erosion_area_ha": 21.09, "accretion_length_km": 9.83, "accretion_area_ha": 75.71, "stable_length_km": 0.0, "shoreline_change_rate_m_per_yr": 4.437 }, "geometry": { "type": "Point", "coordinates": [ 87.3125, 21.5625 ] } },
{ "type": "Feature", "properties": { "latitude": 21.5625, "longitude": 87.1875, "region": "Odisha", "map_sheet_no": "73O02SE", "edition_year": 2021, "years_elapsed": 10, "erosion_length_km": 2.58, "erosion_area_ha": 8.15, "accretion_length_km": 10.46, "accretion_area_ha": 47.89, "stable_length_km": 2.23, "shoreline_change_rate_m_per_yr": 3.048 }, "geometry": { "type": "Point", "coordinates": [ 87.1875, 21.5625 ] } },
{ "type": "Feature", "properties": { "latitude": 21.5625, "longitude": 87.0625, "region": "Odisha", "map_sheet_no": "73O02SW", "edition_year": 2021, "years_elapsed": 10, "erosion_length_km": 0.31, "erosion_area_ha": 2.28, "accretion_length_km": 2.36, "accretion_area_ha": 42.64, "stable_length_km": 0.0, "shoreline_change_rate_m_per_yr": 15.116 }, "geometry": { "type": "Point", "coordinates": [ 87.0625, 21.5625 ] } },
{ "type": "Feature", "properties": { "latitude": 21.4375, "longitude": 87.0625, "region": "Odisha", "map_sheet_no": "73O03NW", "edition_year": 2021, "years_elapsed": 10, "erosion_length_km": 3.63, "erosion_area_ha": 15.15, "accretion_length_km": 4.7, "accretion_area_ha": 12.1, "stable_length_km": 5.22, "shoreline_change_rate_m_per_yr": -0.366 }, "geometry": { "type": "Point", "coordinates": [ 87.0625, 21.4375 ] } },
{ "type": "Feature", "properties": { "latitude": 21.4375, "longitude": 86.9375, "region": "Odisha", "map_sheet_no": "73K15NE", "edition_year": 2021, "years_elapsed": 10, "erosion_length_km": 1.77, "erosion_area_ha": 2.5, "accretion_length_km": 0.94, "accretion_area_ha": 1.99, "stable_length_km": 5.13, "shoreline_change_rate_m_per_yr": -0.188 }, "geometry": { "type": "Point", "coordinates": [ 86.9375, 21.4375 ] } },
{ "type": "Feature", "properties": { "latitude": 21.3125, "longitude": 86.9375, "region": "Odisha", "map_sheet_no": "73K15SE", "edition_year": 2021, "years_elapsed": 10, "erosion_length_km": 3.55, "erosion_area_ha": 4.56, "accretion_length_km": 2.55, "accretion_area_ha": 4.08, "stable_length_km": 6.45, "shoreline_change_rate_m_per_yr": -0.079 }, "geometry": { "type": "Point", "coordinates": [ 86.9375, 21.3125 ] } },
{ "type": "Feature", "properties": { "latitude": 21.3125, "longitude": 86.8125, "region": "Odisha", "map_sheet_no": "73K15SW", "edition_year": 2021, "years_elapsed": 10, "erosion_length_km": 0.0, "erosion_area_ha": 0.0, "accretion_length_km": 0.0, "accretion_area_ha": 0.0, "stable_length_km": 4.17, "shoreline_change_rate_m_per_yr": 0.0 }, "geometry": { "type": "Point", "coordinates": [ 86.8125, 21.3125 ] } },
{ "type": "Feature", "properties": { "latitude": 21.1875, "longitude": 86.8125, "region": "Odisha", "map_sheet_no": "73K16NW", "edition_year": 2021, "years_elapsed": 10, "erosion_length_km": 0.0, "erosion_area_ha": 0.0, "accretion_length_km": 0.0, "accretion_area_ha": 0.0, "stable_length_km": 11.27, "shoreline_change_rate_m_per_yr": 0.0 }, "geometry": { "type": "Point", "coordinates": [ 86.8125, 21.1875 ] } },
{ "type": "Feature", "properties": { "latitude": 21.0625, "longitude": 86.8125, "region": "Odisha", "map_sheet_no": "73K16SW", "edition_year": 2021, "years_elapsed": 10, "erosion_length_km": 0.0, "erosion_area_ha": 0.0, "accretion_length_km": 0.0, "accretion_area_ha": 0.0, "stable_length_km": 14.76, "shoreline_change_rate_m_per_yr": 0.0 }, "geometry": { "type": "Point", "coordinates": [ 86.8125, 21.0625 ] } },
{ "type": "Feature", "properties": { "latitude": 20.9375, "longitude": 86.9375, "region": "Odisha", "map_sheet_no": "73L13NE", "edition_year": 2021, "years_elapsed": 10, "erosion_length_km": 0.0, "erosion_area_ha": 0.0, "accretion_length_km": 0.0, "accretion_area_ha": 0.0, "stable_length_km": 15.84, "shoreline_change_rate_m_per_yr": 0.0 }, "geometry": { "type": "Point", "coordinates": [ 86.9375, 20.9375 ] } },
{ "type": "Feature", "properties": { "latitude": 20.9375, "longitude": 86.8125, "region": "Odisha", "map_sheet_no": "73L13NW", "edition_year": 2021, "years_elapsed": 10, "erosion_length_km": 0.0, "erosion_area_ha": 0.0, "accretion_length_km": 0.0, "accretion_area_ha": 0.0, "stable_length_km": 0.16, "shoreline_change_rate_m_per_yr": 0.0 }, "geometry": { "type": "Point", "coordinates": [ 86.8125, 20.9375 ] } },
{ "type": "Feature", "properties": { "latitude": 20.8125, "longitude": 86.9375, "region": "Odisha", "map_sheet_no": "73L13SE", "edition_year": 2021, "years_elapsed": 10, "erosion_length_km": 0.0, "erosion_area_ha": 0.0, "accretion_length_km": 0.0, "accretion_area_ha": 0.0, "stable_length_km": 12.78, "shoreline_change_rate_m_per_yr": 0.0 }, "geometry": { "type": "Point", "coordinates": [ 86.9375, 20.8125 ] } },
{ "type": "Feature", "properties": { "latitude": 20.6875, "longitude": 87.0625, "region": "Odisha", "map_sheet_no": "73P02NW", "edition_year": 2021, "years_elapsed": 10, "erosion_length_km": 5.69, "erosion_area_ha": 20.27, "accretion_length_km": 5.35, "accretion_area_ha": 36.48, "stable_length_km": 0.0, "shoreline_change_rate_m_per_yr": 1.468 }, "geometry": { "type": "Point", "coordinates": [ 87.0625, 20.6875 ] } },
{ "type": "Feature", "properties": { "latitude": 20.6875, "longitude": 86.9375, "region": "Odisha", "map_sheet_no": "73L14NE", "edition_year": 2021, "years_elapsed": 10, "erosion_length_km": 10.48, "erosion_area_ha": 69.1, "accretion_length_km": 0.0, "accretion_area_ha": 0.0, "stable_length_km": 4.65, "shoreline_change_rate_m_per_yr": -6.594 }, "geometry": { "type": "Point", "coordinates": [ 86.9375, 20.6875 ] } },
{ "type": "Feature", "properties": { "latitude": 20.5625, "longitude": 86.9375, "region": "Odisha", "map_sheet_no": "73L14SE", "edition_year": 2021, "years_elapsed": 10, "erosion_length_km": 5.0, "erosion_area_ha": 38.97, "accretion_length_km": 0.0, "accretion_area_ha": 0.0, "stable_length_km": 0.0, "shoreline_change_rate_m_per_yr": -7.794 }, "geometry": { "type": "Point", "coordinates": [ 86.9375, 20.5625 ] } },
{ "type": "Feature", "properties": { "latitude": 20.5625, "longitude": 86.8125, "region": "Odisha", "map_sheet_no": "73L14SW", "edition_year": 2021, "years_elapsed": 10, "erosion_length_km": 12.77, "erosion_area_ha": 134.19, "accretion_length_km": 2.13, "accretion_area_ha": 12.48, "stable_length_km": 0.47, "shoreline_change_rate_m_per_yr": -8.168 }, "geometry": { "type": "Point", "coordinates": [ 86.8125, 20.5625 ] } },
{ "type": "Feature", "properties": { "latitude": 20.4375, "longitude": 86.8125, "region": "Odisha", "map_sheet_no": "73L15NW", "edition_year": 2021, "years_elapsed": 10, "erosion_length_km": 0.49, "erosion_area_ha": 0.76, "accretion_length_km": 7.89, "accretion_area_ha": 110.24, "stable_length_km": 1.32, "shoreline_change_rate_m_per_yr": 13.064 }, "geometry": { "type": "Point", "coordinates": [ 86.8125, 20.4375 ] } },
{ "type": "Feature", "properties": { "latitude": 20.4375, "longitude": 86.6875, "region": "Odisha", "map_sheet_no": "73L11NE", "edition_year": 2021, "years_elapsed": 10, "erosion_length_km": 0.82, "erosion_area_ha": 1.64, "accretion_length_km": 0.0, "accretion_area_ha": 0.0, "stable_length_km": 1.22, "shoreline_change_rate_m_per_yr": -2.0 }, "geometry": { "type": "Point", "coordinates": [ 86.6875, 20.4375 ] } },
{ "type": "Feature", "properties": { "latitude": 20.3125, "longitude": 86.8125, "region": "Odisha", "map_sheet_no": "73L15SW", "edition_year": 2021, "years_elapsed": 10, "erosion_length_km": 8.78, "erosion_area_ha": 74.25, "accretion_length_km": 0.16, "accretion_area_ha": 0.13, "stable_length_km": 0.0, "shoreline_change_rate_m_per_yr": -8.291 }, "geometry": { "type": "Point", "coordinates": [ 86.8125, 20.3125 ] } },
{ "type": "Feature", "properties": { "latitude": 20.3125, "longitude": 86.6875, "region": "Odisha", "map_sheet_no": "73L11SE", "edition_year": 2021, "years_elapsed": 10, "erosion_length_km": 3.21, "erosion_area_ha": 10.78, "accretion_length_km": 2.41, "accretion_area_ha": 20.19, "stable_length_km": 5.22, "shoreline_change_rate_m_per_yr": 1.674 }, "geometry": { "type": "Point", "coordinates": [ 86.6875, 20.3125 ] } },
{ "type": "Feature", "properties": { "latitude": 20.1875, "longitude": 86.6875, "region": "Odisha", "map_sheet_no": "73L12NE", "edition_year": 2021, "years_elapsed": 10, "erosion_length_km": 0.0, "erosion_area_ha": 0.0, "accretion_length_km": 1.8, "accretion_area_ha": 11.39, "stable_length_km": 0.0, "shoreline_change_rate_m_per_yr": 6.328 }, "geometry": { "type": "Point", "coordinates": [ 86.6875, 20.1875 ] } },
{ "type": "Feature", "properties": { "latitude": 20.1875, "longitude": 86.5625, "region": "Odisha", "map_sheet_no": "73L12NW", "edition_year": 2021, "years_elapsed": 10, "erosion_length_km": 10.44, "erosion_area_ha": 75.29, "accretion_length_km": 8.53, "accretion_area_ha": 78.2, "stable_length_km": 2.26, "shoreline_change_rate_m_per_yr": 0.153 }, "geometry": { "type": "Point", "coordinates": [ 86.5625, 20.1875 ] } },
{ "type": "Feature", "properties": { "latitude": 20.1875, "longitude": 86.4375, "region": "Odisha", "map_sheet_no": "73L08NE", "edition_year": 2021, "years_elapsed": 10, "erosion_length_km": 0.4, "erosion_area_ha": 0.95, "accretion_length_km": 0.0, "accretion_area_ha": 0.0, "stable_length_km": 0.8, "shoreline_change_rate_m_per_yr": -2.375 }, "geometry": { "type": "Point", "coordinates": [ 86.4375, 20.1875 ] } },
{ "type": "Feature", "properties": { "latitude": 20.0625, "longitude": 86.4375, "region": "Odisha", "map_sheet_no": "73L08SE", "edition_year": 2021, "years_elapsed": 10, "erosion_length_km": 9.73, "erosion_area_ha": 38.87, "accretion_length_km": 4.74, "accretion_area_ha": 50.54, "stable_length_km": 0.0, "shoreline_change_rate_m_per_yr": 0.806 }, "geometry": { "type": "Point", "coordinates": [ 86.4375, 20.0625 ] } },
{ "type": "Feature", "properties": { "latitude": 19.9375, "longitude": 86.4375, "region": "Odisha", "map_sheet_no": "74I05NE", "edition_year": 2021, "years_elapsed": 10, "erosion_length_km": 1.85, "erosion_area_ha": 5.42, "accretion_length_km": 0.28, "accretion_area_ha": 0.83, "stable_length_km": 1.66, "shoreline_change_rate_m_per_yr": -2.155 }, "geometry": { "type": "Point", "coordinates": [ 86.4375, 19.9375 ] } },
{ "type": "Feature", "properties": { "latitude": 19.9375, "longitude": 86.3125, "region": "Odisha", "map_sheet_no": "74I05NW", "edition_year": 2021, "years_elapsed": 10, "erosion_length_km": 3.91, "erosion_area_ha": 29.97, "accretion_length_km": 4.16, "accretion_area_ha": 17.67, "stable_length_km": 5.98, "shoreline_change_rate_m_per_yr": -1.524 }, "geometry": { "type": "Point", "coordinates": [ 86.3125, 19.9375 ] } },
{ "type": "Feature", "properties": { "latitude": 19.9375, "longitude": 86.1875, "region": "Odisha", "map_sheet_no": "74I01NE", "edition_year": 2021, "years_elapsed": 10, "erosion_length_km": 7.38, "erosion_area_ha": 8.72, "accretion_length_km": 2.09, "accretion_area_ha": 9.09, "stable_length_km": 2.63, "shoreline_change_rate_m_per_yr": 0.039 }, "geometry": { "type": "Point", "coordinates": [ 86.1875, 19.9375 ] } },
{ "type": "Feature", "properties": { "latitude": 19.8125, "longitude": 85.6875, "region": "Odisha", "map_sheet_no": "74E09SE", "edition_year": 2021, "years_elapsed": 10, "erosion_length_km": 0.0, "erosion_area_ha": 0.0, "accretion_length_km": 1.27, "accretion_area_ha": 1.87, "stable_length_km": 5.06, "shoreline_change_rate_m_per_yr": 1.472 }, "geometry": { "type": "Point", "coordinates": [ 85.6875, 19.8125 ] } },
{ "type": "Feature", "properties": { "latitude": 19.8125, "longitude": 85.8125, "region": "Odisha", "map_sheet_no": "74E13SW", "edition_year": 2021, "years_elapsed": 10, "erosion_length_km": 1.97, "erosion_area_ha": 2.19, "accretion_length_km": 0.74, "accretion_area_ha": 0.97, "stable_length_km": 11.18, "shoreline_change_rate_m_per_yr": -0.45 }, "geometry": { "type": "Point", "coordinates": [ 85.8125, 19.8125 ] } },
{ "type": "Feature", "properties": { "latitude": 19.8125, "longitude": 86.1875, "region": "Odisha", "map_sheet_no": "74I01SE", "edition_year": 2021, "years_elapsed": 10, "erosion_length_km": 2.03, "erosion_area_ha": 1.34, "accretion_length_km": 0.0, "accretion_area_ha": 0.0, "stable_length_km": 0.23, "shoreline_change_rate_m_per_yr": -0.66 }, "geometry": { "type": "Point", "coordinates": [ 86.1875, 19.8125 ] } },
{ "type": "Feature", "properties": { "latitude": 19.8125, "longitude": 85.9375, "region": "Odisha", "map_sheet_no": "74E13SE", "edition_year": 2021, "years_elapsed": 10, "erosion_length_km": 4.09, "erosion_area_ha": 4.08, "accretion_length_km": 1.04, "accretion_area_ha": 2.13, "stable_length_km": 9.06, "shoreline_change_rate_m_per_yr": -0.38 }, "geometry": { "type": "Point", "coordinates": [ 85.9375, 19.8125 ] } },
{ "type": "Feature", "properties": { "latitude": 19.8125, "longitude": 86.0625, "region": "Odisha", "map_sheet_no": "74I01SW", "edition_year": 2021, "years_elapsed": 10, "erosion_length_km": 4.62, "erosion_area_ha": 6.47, "accretion_length_km": 0.62, "accretion_area_ha": 1.15, "stable_length_km": 6.8, "shoreline_change_rate_m_per_yr": -1.015 }, "geometry": { "type": "Point", "coordinates": [ 86.0625, 19.8125 ] } },
{ "type": "Feature", "properties": { "latitude": 19.6875, "longitude": 85.4375, "region": "Odisha", "map_sheet_no": "74E06NE", "edition_year": 2021, "years_elapsed": 10, "erosion_length_km": 0.0, "erosion_area_ha": 0.0, "accretion_length_km": 2.13, "accretion_area_ha": 10.54, "stable_length_km": 6.77, "shoreline_change_rate_m_per_yr": 4.948 }, "geometry": { "type": "Point", "coordinates": [ 85.4375, 19.6875 ] } },
{ "type": "Feature", "properties": { "latitude": 19.6875, "longitude": 85.5625, "region": "Odisha", "map_sheet_no": "74E10NW", "edition_year": 2021, "years_elapsed": 10, "erosion_length_km": 8.02, "erosion_area_ha": 145.48, "accretion_length_km": 4.74, "accretion_area_ha": 79.92, "stable_length_km": 4.14, "shoreline_change_rate_m_per_yr": -5.138 }, "geometry": { "type": "Point", "coordinates": [ 85.5625, 19.6875 ] } },
{ "type": "Feature", "properties": { "latitude": 19.6875, "longitude": 85.6875, "region": "Odisha", "map_sheet_no": "74E10NE", "edition_year": 2021, "years_elapsed": 10, "erosion_length_km": 0.0, "erosion_area_ha": 0.0, "accretion_length_km": 3.52, "accretion_area_ha": 33.66, "stable_length_km": 4.38, "shoreline_change_rate_m_per_yr": 9.562 }, "geometry": { "type": "Point", "coordinates": [ 85.6875, 19.6875 ] } },
{ "type": "Feature", "properties": { "latitude": 19.5625, "longitude": 85.1875, "region": "Odisha", "map_sheet_no": "74E02SE", "edition_year": 2021, "years_elapsed": 10, "erosion_length_km": 0.0, "erosion_area_ha": 0.0, "accretion_length_km": 0.0, "accretion_area_ha": 0.0, "stable_length_km": 4.15, "shoreline_change_rate_m_per_yr": 0.0 }, "geometry": { "type": "Point", "coordinates": [ 85.1875, 19.5625 ] } },
{ "type": "Feature", "properties": { "latitude": 19.5625, "longitude": 85.3125, "region": "Odisha", "map_sheet_no": "74E06SW", "edition_year": 2021, "years_elapsed": 10, "erosion_length_km": 0.0, "erosion_area_ha": 0.0, "accretion_length_km": 0.0, "accretion_area_ha": 0.0, "stable_length_km": 15.8, "shoreline_change_rate_m_per_yr": 0.0 }, "geometry": { "type": "Point", "coordinates": [ 85.3125, 19.5625 ] } },
{ "type": "Feature", "properties": { "latitude": 19.5625, "longitude": 85.4375, "region": "Odisha", "map_sheet_no": "74E06SE", "edition_year": 2021, "years_elapsed": 10, "erosion_length_km": 0.0, "erosion_area_ha": 0.0, "accretion_length_km": 0.0, "accretion_area_ha": 0.0, "stable_length_km": 5.68, "shoreline_change_rate_m_per_yr": 0.0 }, "geometry": { "type": "Point", "coordinates": [ 85.4375, 19.5625 ] } },
{ "type": "Feature", "properties": { "latitude": 19.4375, "longitude": 85.0625, "region": "Odisha", "map_sheet_no": "74E03NW", "edition_year": 2021, "years_elapsed": 10, "erosion_length_km": 5.6, "erosion_area_ha": 20.16, "accretion_length_km": 2.32, "accretion_area_ha": 14.28, "stable_length_km": 0.0, "shoreline_change_rate_m_per_yr": -0.742 }, "geometry": { "type": "Point", "coordinates": [ 85.0625, 19.4375 ] } },
{ "type": "Feature", "properties": { "latitude": 19.4375, "longitude": 85.1875, "region": "Odisha", "map_sheet_no": "74E03NE", "edition_year": 2021, "years_elapsed": 10, "erosion_length_km": 5.97, "erosion_area_ha": 7.59, "accretion_length_km": 0.0, "accretion_area_ha": 0.0, "stable_length_km": 6.39, "shoreline_change_rate_m_per_yr": -1.271 }, "geometry": { "type": "Point", "coordinates": [ 85.1875, 19.4375 ] } },
{ "type": "Feature", "properties": { "latitude": 19.3125, "longitude": 84.9375, "region": "Odisha", "map_sheet_no": "74A15SE", "edition_year": 2021, "years_elapsed": 10, "erosion_length_km": 4.68, "erosion_area_ha": 32.47, "accretion_length_km": 5.21, "accretion_area_ha": 49.04, "stable_length_km": 2.14, "shoreline_change_rate_m_per_yr": 1.675 }, "geometry": { "type": "Point", "coordinates": [ 84.9375, 19.3125 ] } },
{ "type": "Feature", "properties": { "latitude": 19.3125, "longitude": 85.0625, "region": "Odisha", "map_sheet_no": "74E03SW", "edition_year": 2021, "years_elapsed": 10, "erosion_length_km": 6.51, "erosion_area_ha": 21.5, "accretion_length_km": 0.0, "accretion_area_ha": 0.0, "stable_length_km": 1.52, "shoreline_change_rate_m_per_yr": -3.303 }, "geometry": { "type": "Point", "coordinates": [ 85.0625, 19.3125 ] } },
{ "type": "Feature", "properties": { "latitude": 19.1875, "longitude": 84.8125, "region": "Odisha", "map_sheet_no": "74A16NW", "edition_year": 2021, "years_elapsed": 10, "erosion_length_km": 1.78, "erosion_area_ha": 4.56, "accretion_length_km": 2.12, "accretion_area_ha": 8.16, "stable_length_km": 10.57, "shoreline_change_rate_m_per_yr": 0.923 }, "geometry": { "type": "Point", "coordinates": [ 84.8125, 19.1875 ] } },
{ "type": "Feature", "properties": { "latitude": 19.1875, "longitude": 84.9375, "region": "Odisha", "map_sheet_no": "74A16NE", "edition_year": 2021, "years_elapsed": 10, "erosion_length_km": 0.0, "erosion_area_ha": 0.0, "accretion_length_km": 0.0, "accretion_area_ha": 0.0, "stable_length_km": 3.64, "shoreline_change_rate_m_per_yr": 0.0 }, "geometry": { "type": "Point", "coordinates": [ 84.9375, 19.1875 ] } },
{ "type": "Feature", "properties": { "latitude": 19.0625, "longitude": 84.8125, "region": "Odisha", "map_sheet_no": "74A16SW", "edition_year": 2021, "years_elapsed": 10, "erosion_length_km": 0.0, "erosion_area_ha": 2.11, "accretion_length_km": 0.47, "accretion_area_ha": 2.15, "stable_length_km": 5.52, "shoreline_change_rate_m_per_yr": 4.574 }, "geometry": { "type": "Point", "coordinates": [ 84.8125, 19.0625 ] } },
{ "type": "Feature", "properties": { "latitude": 21.9375, "longitude": 88.1875, "region": "West Bengal", "map_sheet_no": "79C01NE", "edition_year": 2021, "years_elapsed": 10, "erosion_length_km": 0.0, "erosion_area_ha": 0.0, "accretion_length_km": 0.0, "accretion_area_ha": 0.0, "stable_length_km": 0.17, "shoreline_change_rate_m_per_yr": 0.0 }, "geometry": { "type": "Point", "coordinates": [ 88.1875, 21.9375 ] } },
{ "type": "Feature", "properties": { "latitude": 21.8125, "longitude": 87.8125, "region": "West Bengal", "map_sheet_no": "73O13SW", "edition_year": 2021, "years_elapsed": 10, "erosion_length_km": 0.0, "erosion_area_ha": 15.84, "accretion_length_km": 0.0, "accretion_area_ha": 0.0, "stable_length_km": 1.34, "shoreline_change_rate_m_per_yr": 0.0 }, "geometry": { "type": "Point", "coordinates": [ 87.8125, 21.8125 ] } },
{ "type": "Feature", "properties": { "latitude": 21.8125, "longitude": 87.9375, "region": "West Bengal", "map_sheet_no": "73O13SE", "edition_year": 2021, "years_elapsed": 10, "erosion_length_km": 4.1, "erosion_area_ha": 15.01, "accretion_length_km": 4.57, "accretion_area_ha": 17.61, "stable_length_km": 7.66, "shoreline_change_rate_m_per_yr": 0.3 }, "geometry": { "type": "Point", "coordinates": [ 87.9375, 21.8125 ] } },
{ "type": "Feature", "properties": { "latitude": 21.8125, "longitude": 88.0625, "region": "West Bengal", "map_sheet_no": "79C01SW", "edition_year": 2021, "years_elapsed": 10, "erosion_length_km": 1.11, "erosion_area_ha": 1.33, "accretion_length_km": 0.0, "accretion_area_ha": 0.0, "stable_length_km": 13.31, "shoreline_change_rate_m_per_yr": -1.198 }, "geometry": { "type": "Point", "coordinates": [ 88.0625, 21.8125 ] } },
{ "type": "Feature", "properties": { "latitude": 21.8125, "longitude": 88.1875, "region": "West Bengal", "map_sheet_no": "79C01SE", "edition_year": 2021, "years_elapsed": 10, "erosion_length_km": 0.0, "erosion_area_ha": 0.0, "accretion_length_km": 0.0, "accretion_area_ha": 0.0, "stable_length_km": 1.23, "shoreline_change_rate_m_per_yr": 0.0 }, "geometry": { "type": "Point", "coordinates": [ 88.1875, 21.8125 ] } },
{ "type": "Feature", "properties": { "latitude": 21.8125, "longitude": 88.4375, "region": "West Bengal", "map_sheet_no": "79C05SE", "edition_year": 2021, "years_elapsed": 10, "erosion_length_km": 0.42, "erosion_area_ha": 1.37, "accretion_length_km": 0.0, "accretion_area_ha": 0.0, "stable_length_km": 4.2, "shoreline_change_rate_m_per_yr": -3.262 }, "geometry": { "type": "Point", "coordinates": [ 88.4375, 21.8125 ] } },
{ "type": "Feature", "properties": { "latitude": 21.6875, "longitude": 87.5625, "region": "West Bengal", "map_sheet_no": "73O10NW", "edition_year": 2021, "years_elapsed": 10, "erosion_length_km": 9.05, "erosion_area_ha": 62.77, "accretion_length_km": 1.4, "accretion_area_ha": 7.79, "stable_length_km": 0.39, "shoreline_change_rate_m_per_yr": -5.261 }, "geometry": { "type": "Point", "coordinates": [ 87.5625, 21.6875 ] } },
{ "type": "Feature", "properties": { "latitude": 21.6875, "longitude": 87.6875, "region": "West Bengal", "map_sheet_no": "73O10NE", "edition_year": 2021, "years_elapsed": 10, "erosion_length_km": 8.06, "erosion_area_ha": 21.79, "accretion_length_km": 5.96, "accretion_area_ha": 14.62, "stable_length_km": 1.25, "shoreline_change_rate_m_per_yr": -0.511 }, "geometry": { "type": "Point", "coordinates": [ 87.6875, 21.6875 ] } },
{ "type": "Feature", "properties": { "latitude": 21.6875, "longitude": 87.8125, "region": "West Bengal", "map_sheet_no": "73O14NW", "edition_year": 2021, "years_elapsed": 10, "erosion_length_km": 2.59, "erosion_area_ha": 3.94, "accretion_length_km": 8.27, "accretion_area_ha": 35.31, "stable_length_km": 4.86, "shoreline_change_rate_m_per_yr": 2.889 }, "geometry": { "type": "Point", "coordinates": [ 87.8125, 21.6875 ] } },
{ "type": "Feature", "properties": { "latitude": 21.6875, "longitude": 88.0625, "region": "West Bengal", "map_sheet_no": "79C02NW", "edition_year": 2021, "years_elapsed": 10, "erosion_length_km": 10.04, "erosion_area_ha": 129.26, "accretion_length_km": 5.37, "accretion_area_ha": 24.48, "stable_length_km": 8.23, "shoreline_change_rate_m_per_yr": -6.799 }, "geometry": { "type": "Point", "coordinates": [ 88.0625, 21.6875 ] } },
{ "type": "Feature", "properties": { "latitude": 21.6875, "longitude": 88.1875, "region": "West Bengal", "map_sheet_no": "79C02NE", "edition_year": 2021, "years_elapsed": 10, "erosion_length_km": 9.42, "erosion_area_ha": 81.97, "accretion_length_km": 0.0, "accretion_area_ha": 0.0, "stable_length_km": 0.55, "shoreline_change_rate_m_per_yr": -8.702 }, "geometry": { "type": "Point", "coordinates": [ 88.1875, 21.6875 ] } },
{ "type": "Feature", "properties": { "latitude": 21.6875, "longitude": 88.3125, "region": "West Bengal", "map_sheet_no": "79C06NW", "edition_year": 2021, "years_elapsed": 10, "erosion_length_km": 0.0, "erosion_area_ha": 0.0, "accretion_length_km": 0.0, "accretion_area_ha": 0.0, "stable_length_km": 4.37, "shoreline_change_rate_m_per_yr": 0.0 }, "geometry": { "type": "Point", "coordinates": [ 88.3125, 21.6875 ] } },
{ "type": "Feature", "properties": { "latitude": 21.6875, "longitude": 88.4375, "region": "West Bengal", "map_sheet_no": "79C06NE", "edition_year": 2021, "years_elapsed": 10, "erosion_length_km": 2.95, "erosion_area_ha": 19.37, "accretion_length_km": 0.77, "accretion_area_ha": 2.58, "stable_length_km": 7.14, "shoreline_change_rate_m_per_yr": -4.513 }, "geometry": { "type": "Point", "coordinates": [ 88.4375, 21.6875 ] } },
{ "type": "Feature", "properties": { "latitude": 21.5625, "longitude": 87.4375, "region": "West Bengal", "map_sheet_no": "73O06SE", "edition_year": 2021, "years_elapsed": 10, "erosion_length_km": 1.93, "erosion_area_ha": 8.84, "accretion_length_km": 0.0, "accretion_area_ha": 0.0, "stable_length_km": 0.21, "shoreline_change_rate_m_per_yr": -4.58 }, "geometry": { "type": "Point", "coordinates": [ 87.4375, 21.5625 ] } },
{ "type": "Feature", "properties": { "latitude": 21.5625, "longitude": 87.5625, "region": "West Bengal", "map_sheet_no": "73O10SW", "edition_year": 2021, "years_elapsed": 10, "erosion_length_km": 0.02, "erosion_area_ha": 0.0, "accretion_length_km": 0.0, "accretion_area_ha": 0.0, "stable_length_km": 3.32, "shoreline_change_rate_m_per_yr": -0.0 }, "geometry": { "type": "Point", "coordinates": [ 87.5625, 21.5625 ] } },
{ "type": "Feature", "properties": { "latitude": 21.5625, "longitude": 88.1875, "region": "West Bengal", "map_sheet_no": "79C02SE", "edition_year": 2021, "years_elapsed": 10, "erosion_length_km": 3.0, "erosion_area_ha": 7.98, "accretion_length_km": 0.84, "accretion_area_ha": 3.45, "stable_length_km": 3.19, "shoreline_change_rate_m_per_yr": -1.18 }, "geometry": { "type": "Point", "coordinates": [ 88.1875, 21.5625 ] } },
{ "type": "Feature", "properties": { "latitude": 21.5625, "longitude": 88.3125, "region": "West Bengal", "map_sheet_no": "79C06SW", "edition_year": 2021, "years_elapsed": 10, "erosion_length_km": 3.43, "erosion_area_ha": 19.0, "accretion_length_km": 3.8, "accretion_area_ha": 18.82, "stable_length_km": 3.5, "shoreline_change_rate_m_per_yr": -0.025 }, "geometry": { "type": "Point", "coordinates": [ 88.3125, 21.5625 ] } },
{ "type": "Feature", "properties": { "latitude": 21.5625, "longitude": 88.4375, "region": "West Bengal", "map_sheet_no": "79C06SE", "edition_year": 2021, "years_elapsed": 10, "erosion_length_km": 0.18, "erosion_area_ha": 5.2, "accretion_length_km": 2.92, "accretion_area_ha": 16.52, "stable_length_km": 2.32, "shoreline_change_rate_m_per_yr": 3.652 }, "geometry": { "type": "Point", "coordinates": [ 88.4375, 21.5625 ] } },
{ "type": "Feature", "properties": { "latitude": 12.1875, "longitude": 79.9375, "region": "Tamil Nadu & Puducherry", "map_sheet_no": "57P16NE", "edition_year": 2021, "years_elapsed": 10, "erosion_length_km": 1.13, "erosion_area_ha": 1.1, "accretion_length_km": 0.87, "accretion_area_ha": 0.97, "stable_length_km": 13.53, "shoreline_change_rate_m_per_yr": -0.065 }, "geometry": { "type": "Point", "coordinates": [ 79.9375, 12.1875 ] } },
{ "type": "Feature", "properties": { "latitude": 12.0625, "longitude": 79.9375, "region": "Tamil Nadu & Puducherry", "map_sheet_no": "57P16SE", "edition_year": 2021, "years_elapsed": 10, "erosion_length_km": 0.0, "erosion_area_ha": 0.0, "accretion_length_km": 0.0, "accretion_area_ha": 0.0, "stable_length_km": 10.5, "shoreline_change_rate_m_per_yr": 0.0 }, "geometry": { "type": "Point", "coordinates": [ 79.9375, 12.0625 ] } },
{ "type": "Feature", "properties": { "latitude": 12.0625, "longitude": 79.8125, "region": "Tamil Nadu & Puducherry", "map_sheet_no": "57P16SW", "edition_year": 2021, "years_elapsed": 10, "erosion_length_km": 0.0, "erosion_area_ha": 0.0, "accretion_length_km": 1.41, "accretion_area_ha": 1.84, "stable_length_km": 3.94, "shoreline_change_rate_m_per_yr": 1.305 }, "geometry": { "type": "Point", "coordinates": [ 79.8125, 12.0625 ] } },
{ "type": "Feature", "properties": { "latitude": 8.3125, "longitude": 77.1875, "region": "Tamil Nadu & Puducherry", "map_sheet_no": "58H03SE", "edition_year": 2021, "years_elapsed": 10, "erosion_length_km": 4.21, "erosion_area_ha": 8.66, "accretion_length_km": 0.0, "accretion_area_ha": 0.0, "stable_length_km": 0.0, "shoreline_change_rate_m_per_yr": -2.057 }, "geometry": { "type": "Point", "coordinates": [ 77.1875, 8.3125 ] } },
{ "type": "Feature", "properties": { "latitude": 8.3125, "longitude": 77.0625, "region": "Tamil Nadu & Puducherry", "map_sheet_no": "58H03SW", "edition_year": 2021, "years_elapsed": 10, "erosion_length_km": 0.76, "erosion_area_ha": 0.98, "accretion_length_km": 0.0, "accretion_area_ha": 0.0, "stable_length_km": 3.51, "shoreline_change_rate_m_per_yr": -1.289 }, "geometry": { "type": "Point", "coordinates": [ 77.0625, 8.3125 ] } },
{ "type": "Feature", "properties": { "latitude": 8.1875, "longitude": 77.1875, "region": "Tamil Nadu & Puducherry", "map_sheet_no": "58H04NE", "edition_year": 2021, "years_elapsed": 10, "erosion_length_km": 4.58, "erosion_area_ha": 4.9, "accretion_length_km": 1.66, "accretion_area_ha": 4.06, "stable_length_km": 7.07, "shoreline_change_rate_m_per_yr": -0.135 }, "geometry": { "type": "Point", "coordinates": [ 77.1875, 8.1875 ] } },
{ "type": "Feature", "properties": { "latitude": 8.1875, "longitude": 77.3125, "region": "Tamil Nadu & Puducherry", "map_sheet_no": "58H08NW", "edition_year": 2021, "years_elapsed": 10, "erosion_length_km": 3.34, "erosion_area_ha": 4.22, "accretion_length_km": 0.44, "accretion_area_ha": 3.45, "stable_length_km": 5.51, "shoreline_change_rate_m_per_yr": -0.204 }, "geometry": { "type": "Point", "coordinates": [ 77.3125, 8.1875 ] } },
{ "type": "Feature", "properties": { "latitude": 8.0625, "longitude": 77.4375, "region": "Tamil Nadu & Puducherry", "map_sheet_no": "58H08SE", "edition_year": 2021, "years_elapsed": 10, "erosion_length_km": 0.0, "erosion_area_ha": 0.0, "accretion_length_km": 2.68, "accretion_area_ha": 5.72, "stable_length_km": 11.5, "shoreline_change_rate_m_per_yr": 2.134 }, "geometry": { "type": "Point", "coordinates": [ 77.4375, 8.0625 ] } },
{ "type": "Feature", "properties": { "latitude": 8.0625, "longitude": 77.3125, "region": "Tamil Nadu & Puducherry", "map_sheet_no": "58H08SW", "edition_year": 2021, "years_elapsed": 10, "erosion_length_km": 2.12, "erosion_area_ha": 2.91, "accretion_length_km": 1.36, "accretion_area_ha": 1.35, "stable_length_km": 2.52, "shoreline_change_rate_m_per_yr": -0.448 }, "geometry": { "type": "Point", "coordinates": [ 77.3125, 8.0625 ] } },
{ "type": "Feature", "properties": { "latitude": 8.1875, "longitude": 77.6875, "region": "Tamil Nadu & Puducherry", "map_sheet_no": "58H12NE", "edition_year": 2021, "years_elapsed": 10, "erosion_length_km": 0.73, "erosion_area_ha": 0.97, "accretion_length_km": 1.72, "accretion_area_ha": 2.29, "stable_length_km": 12.31, "shoreline_change_rate_m_per_yr": 0.539 }, "geometry": { "type": "Point", "coordinates": [ 77.6875, 8.1875 ] } },
{ "type": "Feature", "properties": { "latitude": 8.1875, "longitude": 77.5625, "region": "Tamil Nadu & Puducherry", "map_sheet_no": "58H12NW", "edition_year": 2021, "years_elapsed": 10, "erosion_length_km": 0.12, "erosion_area_ha": 0.17, "accretion_length_km": 0.97, "accretion_area_ha": 1.73, "stable_length_km": 6.44, "shoreline_change_rate_m_per_yr": 1.431 }, "geometry": { "type": "Point", "coordinates": [ 77.5625, 8.1875 ] } },
{ "type": "Feature", "properties": { "latitude": 8.0625, "longitude": 77.5625, "region": "Tamil Nadu & Puducherry", "map_sheet_no": "58H12SW", "edition_year": 2021, "years_elapsed": 10, "erosion_length_km": 2.22, "erosion_area_ha": 4.38, "accretion_length_km": 0.73, "accretion_area_ha": 1.81, "stable_length_km": 8.69, "shoreline_change_rate_m_per_yr": -0.871 }, "geometry": { "type": "Point", "coordinates": [ 77.5625, 8.0625 ] } },
{ "type": "Feature", "properties": { "latitude": 8.3125, "longitude": 77.9375, "region": "Tamil Nadu & Puducherry", "map_sheet_no": "58H15SE", "edition_year": 2021, "years_elapsed": 10, "erosion_length_km": 3.29, "erosion_area_ha": 6.04, "accretion_length_km": 8.12, "accretion_area_ha": 38.57, "stable_length_km": 6.0, "shoreline_change_rate_m_per_yr": 2.851 }, "geometry": { "type": "Point", "coordinates": [ 77.9375, 8.3125 ] } },
{ "type": "Feature", "properties": { "latitude": 8.3125, "longitude": 77.8125, "region": "Tamil Nadu & Puducherry", "map_sheet_no": "58H15SW", "edition_year": 2021, "years_elapsed": 10, "erosion_length_km": 0.65, "erosion_area_ha": 1.91, "accretion_length_km": 2.04, "accretion_area_ha": 1.62, "stable_length_km": 2.47, "shoreline_change_rate_m_per_yr": -0.108 }, "geometry": { "type": "Point", "coordinates": [ 77.8125, 8.3125 ] } },
{ "type": "Feature", "properties": { "latitude": 8.1875, "longitude": 77.8125, "region": "Tamil Nadu & Puducherry", "map_sheet_no": "58H16NW", "edition_year": 2021, "years_elapsed": 10, "erosion_length_km": 0.75, "erosion_area_ha": 1.17, "accretion_length_km": 1.82, "accretion_area_ha": 2.77, "stable_length_km": 10.36, "shoreline_change_rate_m_per_yr": 0.623 }, "geometry": { "type": "Point", "coordinates": [ 77.8125, 8.1875 ] } },
{ "type": "Feature", "properties": { "latitude": 9.1875, "longitude": 78.4375, "region": "Tamil Nadu & Puducherry", "map_sheet_no": "58K08NE", "edition_year": 2021, "years_elapsed": 10, "erosion_length_km": 1.38, "erosion_area_ha": 1.47, "accretion_length_km": 0.92, "accretion_area_ha": 0.78, "stable_length_km": 2.24, "shoreline_change_rate_m_per_yr": -0.3 }, "geometry": { "type": "Point", "coordinates": [ 78.4375, 9.1875 ] } },
{ "type": "Feature", "properties": { "latitude": 9.0625, "longitude": 78.4375, "region": "Tamil Nadu & Puducherry", "map_sheet_no": "58K08SE", "edition_year": 2021, "years_elapsed": 10, "erosion_length_km": 1.65, "erosion_area_ha": 2.42, "accretion_length_km": 1.49, "accretion_area_ha": 1.33, "stable_length_km": 6.88, "shoreline_change_rate_m_per_yr": -0.347 }, "geometry": { "type": "Point", "coordinates": [ 78.4375, 9.0625 ] } },
{ "type": "Feature", "properties": { "latitude": 9.0625, "longitude": 78.3125, "region": "Tamil Nadu & Puducherry", "map_sheet_no": "58K08SW", "edition_year": 2021, "years_elapsed": 10, "erosion_length_km": 6.65, "erosion_area_ha": 12.12, "accretion_length_km": 0.78, "accretion_area_ha": 3.17, "stable_length_km": 5.88, "shoreline_change_rate_m_per_yr": -1.205 }, "geometry": { "type": "Point", "coordinates": [ 78.3125, 9.0625 ] } },
{ "type": "Feature", "properties": { "latitude": 9.1875, "longitude": 78.6875, "region": "Tamil Nadu & Puducherry", "map_sheet_no": "58K12NE", "edition_year": 2021, "years_elapsed": 10, "erosion_length_km": 3.37, "erosion_area_ha": 6.17, "accretion_length_km": 6.79, "accretion_area_ha": 15.39, "stable_length_km": 10.36, "shoreline_change_rate_m_per_yr": 0.907 }, "geometry": { "type": "Point", "coordinates": [ 78.6875, 9.1875 ] } },
{ "type": "Feature", "properties": { "latitude": 9.1875, "longitude": 78.5625, "region": "Tamil Nadu & Puducherry", "map_sheet_no": "58K12NW", "edition_year": 2021, "years_elapsed": 10, "erosion_length_km": 0.28, "erosion_area_ha": 0.38, "accretion_length_km": 7.51, "accretion_area_ha": 13.99, "stable_length_km": 6.82, "shoreline_change_rate_m_per_yr": 1.747 }, "geometry": { "type": "Point", "coordinates": [ 78.5625, 9.1875 ] } },
{ "type": "Feature", "properties": { "latitude": 9.6875, "longitude": 78.9375, "region": "Tamil Nadu & Puducherry", "map_sheet_no": "58K14NE", "edition_year": 2021, "years_elapsed": 10, "erosion_length_km": 0.29, "erosion_area_ha": 0.43, "accretion_length_km": 0.18, "accretion_area_ha": 0.14, "stable_length_km": 7.37, "shoreline_change_rate_m_per_yr": -0.617 }, "geometry": { "type": "Point", "coordinates": [ 78.9375, 9.6875 ] } },
{ "type": "Feature", "properties": { "latitude": 9.5625, "longitude": 78.9375, "region": "Tamil Nadu & Puducherry", "map_sheet_no": "58K14SE", "edition_year": 2021, "years_elapsed": 10, "erosion_length_km": 0.0, "erosion_area_ha": 0.0, "accretion_length_km": 0.13, "accretion_area_ha": 0.13, "stable_length_km": 6.02, "shoreline_change_rate_m_per_yr": 1.0 }, "geometry": { "type": "Point", "coordinates": [ 78.9375, 9.5625 ] } },
{ "type": "Feature", "properties": { "latitude": 9.4375, "longitude": 78.9375, "region": "Tamil Nadu & Puducherry", "map_sheet_no": "58K15NE", "edition_year": 2021, "years_elapsed": 10, "erosion_length_km": 0.0, "erosion_area_ha": 0.0, "accretion_length_km": 1.91, "accretion_area_ha": 1.5, "stable_length_km": 13.35, "shoreline_change_rate_m_per_yr": 0.785 }, "geometry": { "type": "Point", "coordinates": [ 78.9375, 9.4375 ] } },
{ "type": "Feature", "properties": { "latitude": 9.3125, "longitude": 78.9375, "region": "Tamil Nadu & Puducherry", "map_sheet_no": "58K15SE", "edition_year": 2021, "years_elapsed": 10, "erosion_length_km": 2.0, "erosion_area_ha": 1.77, "accretion_length_km": 2.81, "accretion_area_ha": 3.77, "stable_length_km": 14.62, "shoreline_change_rate_m_per_yr": 0.416 }, "geometry": { "type": "Point", "coordinates": [ 78.9375, 9.3125 ] } },
{ "type": "Feature", "properties": { "latitude": 9.3125, "longitude": 78.8125, "region": "Tamil Nadu & Puducherry", "map_sheet_no": "58K15SW", "edition_year": 2021, "years_elapsed": 10, "erosion_length_km": 1.79, "erosion_area_ha": 1.37, "accretion_length_km": 0.62, "accretion_area_ha": 0.78, "stable_length_km": 0.0, "shoreline_change_rate_m_per_yr": -0.245 }, "geometry": { "type": "Point", "coordinates": [ 78.8125, 9.3125 ] } },
{ "type": "Feature", "properties": { "latitude": 9.1875, "longitude": 78.9375, "region": "Tamil Nadu & Puducherry", "map_sheet_no": "58K16NE", "edition_year": 2021, "years_elapsed": 10, "erosion_length_km": 0.18, "erosion_area_ha": 0.17, "accretion_length_km": 0.0, "accretion_area_ha": 0.0, "stable_length_km": 0.0, "shoreline_change_rate_m_per_yr": -0.944 }, "geometry": { "type": "Point", "coordinates": [ 78.9375, 9.1875 ] } },
{ "type": "Feature", "properties": { "latitude": 9.1875, "longitude": 78.8125, "region": "Tamil Nadu & Puducherry", "map_sheet_no": "58K16NW", "edition_year": 2021, "years_elapsed": 10, "erosion_length_km": 0.9, "erosion_area_ha": 0.93, "accretion_length_km": 0.46, "accretion_area_ha": 0.3, "stable_length_km": 11.38, "shoreline_change_rate_m_per_yr": -0.463 }, "geometry": { "type": "Point", "coordinates": [ 78.8125, 9.1875 ] } },
{ "type": "Feature", "properties": { "latitude": 8.9375, "longitude": 78.1875, "region": "Tamil Nadu & Puducherry", "map_sheet_no": "58L01NE", "edition_year": 2021, "years_elapsed": 10, "erosion_length_km": 0.84, "erosion_area_ha": 0.74, "accretion_length_km": 2.19, "accretion_area_ha": 3.71, "stable_length_km": 10.05, "shoreline_change_rate_m_per_yr": 0.98 }, "geometry": { "type": "Point", "coordinates": [ 78.1875, 8.9375 ] } },
{ "type": "Feature", "properties": { "latitude": 8.8125, "longitude": 78.1875, "region": "Tamil Nadu & Puducherry", "map_sheet_no": "58L01SE", "edition_year": 2021, "years_elapsed": 10, "erosion_length_km": 1.87, "erosion_area_ha": 3.17, "accretion_length_km": 3.11, "accretion_area_ha": 8.42, "stable_length_km": 7.51, "shoreline_change_rate_m_per_yr": 1.054 }, "geometry": { "type": "Point", "coordinates": [ 78.1875, 8.8125 ] } },
{ "type": "Feature", "properties": { "latitude": 8.6875, "longitude": 78.1875, "region": "Tamil Nadu & Puducherry", "map_sheet_no": "58L02NE", "edition_year": 2021, "years_elapsed": 10, "erosion_length_km": 6.18, "erosion_area_ha": 16.88, "accretion_length_km": 8.3, "accretion_area_ha": 38.52, "stable_length_km": 3.61, "shoreline_change_rate_m_per_yr": 1.494 }, "geometry": { "type": "Point", "coordinates": [ 78.1875, 8.6875 ] } },
{ "type": "Feature", "properties": { "latitude": 8.5625, "longitude": 78.1875, "region": "Tamil Nadu & Puducherry", "map_sheet_no": "58L02SE", "edition_year": 2021, "years_elapsed": 10, "erosion_length_km": 0.71, "erosion_area_ha": 3.17, "accretion_length_km": 6.35, "accretion_area_ha": 11.84, "stable_length_km": 4.54, "shoreline_change_rate_m_per_yr": 1.228 }, "geometry": { "type": "Point", "coordinates": [ 78.1875, 8.5625 ] } },
{ "type": "Feature", "properties": { "latitude": 8.5625, "longitude": 78.0625, "region": "Tamil Nadu & Puducherry", "map_sheet_no": "58L02SW", "edition_year": 2021, "years_elapsed": 10, "erosion_length_km": 0.0, "erosion_area_ha": 0.0, "accretion_length_km": 2.98, "accretion_area_ha": 11.44, "stable_length_km": 0.0, "shoreline_change_rate_m_per_yr": 3.839 }, "geometry": { "type": "Point", "coordinates": [ 78.0625, 8.5625 ] } },
{ "type": "Feature", "properties": { "latitude": 8.4375, "longitude": 78.1875, "region": "Tamil Nadu & Puducherry", "map_sheet_no": "58L03NE", "edition_year": 2021, "years_elapsed": 10, "erosion_length_km": 0.0, "erosion_area_ha": 0.0, "accretion_length_km": 0.0, "accretion_area_ha": 0.0, "stable_length_km": 1.6, "shoreline_change_rate_m_per_yr": 0.0 }, "geometry": { "type": "Point", "coordinates": [ 78.1875, 8.4375 ] } },
{ "type": "Feature", "properties": { "latitude": 8.4375, "longitude": 78.0625, "region": "Tamil Nadu & Puducherry", "map_sheet_no": "58L03NW", "edition_year": 2021, "years_elapsed": 10, "erosion_length_km": 1.5, "erosion_area_ha": 2.3, "accretion_length_km": 4.8, "accretion_area_ha": 10.27, "stable_length_km": 8.93, "shoreline_change_rate_m_per_yr": 1.265 }, "geometry": { "type": "Point", "coordinates": [ 78.0625, 8.4375 ] } },
{ "type": "Feature", "properties": { "latitude": 8.3125, "longitude": 78.0625, "region": "Tamil Nadu & Puducherry", "map_sheet_no": "58L03SW", "edition_year": 2021, "years_elapsed": 10, "erosion_length_km": 0.36, "erosion_area_ha": 0.3, "accretion_length_km": 6.17, "accretion_area_ha": 10.94, "stable_length_km": 2.37, "shoreline_change_rate_m_per_yr": 1.629 }, "geometry": { "type": "Point", "coordinates": [ 78.0625, 8.3125 ] } },
{ "type": "Feature", "properties": { "latitude": 8.9375, "longitude": 78.3125, "region": "Tamil Nadu & Puducherry", "map_sheet_no": "58L05NW", "edition_year": 2021, "years_elapsed": 10, "erosion_length_km": 1.54, "erosion_area_ha": 3.05, "accretion_length_km": 0.0, "accretion_area_ha": 0.0, "stable_length_km": 0.0, "shoreline_change_rate_m_per_yr": -1.981 }, "geometry": { "type": "Point", "coordinates": [ 78.3125, 8.9375 ] } },
{ "type": "Feature", "properties": { "latitude": 11.9375, "longitude": 79.8125, "region": "Tamil Nadu & Puducherry", "map_sheet_no": "58M13NW", "edition_year": 2021, "years_elapsed": 10, "erosion_length_km": 3.04, "erosion_area_ha": 5.68, "accretion_length_km": 3.89, "accretion_area_ha": 11.73, "stable_length_km": 7.45, "shoreline_change_rate_m_per_yr": 0.873 }, "geometry": { "type": "Point", "coordinates": [ 79.8125, 11.9375 ] } },
{ "type": "Feature", "properties": { "latitude": 11.8125, "longitude": 79.8125, "region": "Tamil Nadu & Puducherry", "map_sheet_no": "58M13SW", "edition_year": 2021, "years_elapsed": 10, "erosion_length_km": 2.58, "erosion_area_ha": 3.51, "accretion_length_km": 2.67, "accretion_area_ha": 4.47, "stable_length_km": 9.18, "shoreline_change_rate_m_per_yr": 0.183 }, "geometry": { "type": "Point", "coordinates": [ 79.8125, 11.8125 ] } },
{ "type": "Feature", "properties": { "latitude": 11.6875, "longitude": 79.8125, "region": "Tamil Nadu & Puducherry", "map_sheet_no": "58M14NW", "edition_year": 2021, "years_elapsed": 10, "erosion_length_km": 7.19, "erosion_area_ha": 15.09, "accretion_length_km": 3.88, "accretion_area_ha": 7.39, "stable_length_km": 3.15, "shoreline_change_rate_m_per_yr": -0.696 }, "geometry": { "type": "Point", "coordinates": [ 79.8125, 11.6875 ] } },
{ "type": "Feature", "properties": { "latitude": 11.5625, "longitude": 79.8125, "region": "Tamil Nadu & Puducherry", "map_sheet_no": "58M14SW", "edition_year": 2021, "years_elapsed": 10, "erosion_length_km": 2.56, "erosion_area_ha": 5.7, "accretion_length_km": 9.38, "accretion_area_ha": 20.75, "stable_length_km": 1.98, "shoreline_change_rate_m_per_yr": 1.26 }, "geometry": { "type": "Point", "coordinates": [ 79.8125, 11.5625 ] } },
{ "type": "Feature", "properties": { "latitude": 11.4375, "longitude": 79.8125, "region": "Tamil Nadu & Puducherry", "map_sheet_no": "58M15NW", "edition_year": 2021, "years_elapsed": 10, "erosion_length_km": 9.07, "erosion_area_ha": 52.73, "accretion_length_km": 3.58, "accretion_area_ha": 6.89, "stable_length_km": 2.03, "shoreline_change_rate_m_per_yr": -3.624 }, "geometry": { "type": "Point", "coordinates": [ 79.8125, 11.4375 ] } },
{ "type": "Feature", "properties": { "latitude": 11.3125, "longitude": 79.8125, "region": "Tamil Nadu & Puducherry", "map_sheet_no": "58M15SW", "edition_year": 2021, "years_elapsed": 10, "erosion_length_km": 2.09, "erosion_area_ha": 14.61, "accretion_length_km": 0.93, "accretion_area_ha": 4.21, "stable_length_km": 9.24, "shoreline_change_rate_m_per_yr": -3.444 }, "geometry": { "type": "Point", "coordinates": [ 79.8125, 11.3125 ] } },
{ "type": "Feature", "properties": { "latitude": 11.1875, "longitude": 79.8125, "region": "Tamil Nadu & Puducherry", "map_sheet_no": "58M16NW", "edition_year": 2021, "years_elapsed": 10, "erosion_length_km": 7.08, "erosion_area_ha": 21.99, "accretion_length_km": 0.58, "accretion_area_ha": 1.28, "stable_length_km": 4.81, "shoreline_change_rate_m_per_yr": -2.704 }, "geometry": { "type": "Point", "coordinates": [ 79.8125, 11.1875 ] } },
{ "type": "Feature", "properties": { "latitude": 11.0625, "longitude": 79.8125, "region": "Tamil Nadu & Puducherry", "map_sheet_no": "58M16SW", "edition_year": 2021, "years_elapsed": 10, "erosion_length_km": 6.8, "erosion_area_ha": 23.13, "accretion_length_km": 0.62, "accretion_area_ha": 0.62, "stable_length_km": 3.74, "shoreline_change_rate_m_per_yr": -3.034 }, "geometry": { "type": "Point", "coordinates": [ 79.8125, 11.0625 ] } },
{ "type": "Feature", "properties": { "latitude": 10.0625, "longitude": 79.1875, "region": "Tamil Nadu & Puducherry", "map_sheet_no": "58N04SE", "edition_year": 2021, "years_elapsed": 10, "erosion_length_km": 0.0, "erosion_area_ha": 0.0, "accretion_length_km": 1.73, "accretion_area_ha": 1.19, "stable_length_km": 5.73, "shoreline_change_rate_m_per_yr": 0.688 }, "geometry": { "type": "Point", "coordinates": [ 79.1875, 10.0625 ] } },
{ "type": "Feature", "properties": { "latitude": 10.3125, "longitude": 79.3125, "region": "Tamil Nadu & Puducherry", "map_sheet_no": "58N07SW", "edition_year": 2021, "years_elapsed": 10, "erosion_length_km": 0.14, "erosion_area_ha": 0.28, "accretion_length_km": 1.48, "accretion_area_ha": 1.65, "stable_length_km": 7.65, "shoreline_change_rate_m_per_yr": 0.846 }, "geometry": { "type": "Point", "coordinates": [ 79.3125, 10.3125 ] } },
{ "type": "Feature", "properties": { "latitude": 10.1875, "longitude": 79.3125, "region": "Tamil Nadu & Puducherry", "map_sheet_no": "58N08NW", "edition_year": 2021, "years_elapsed": 10, "erosion_length_km": 0.47, "erosion_area_ha": 0.65, "accretion_length_km": 0.0, "accretion_area_ha": 0.0, "stable_length_km": 4.39, "shoreline_change_rate_m_per_yr": -1.383 }, "geometry": { "type": "Point", "coordinates": [ 79.3125, 10.1875 ] } },
{ "type": "Feature", "properties": { "latitude": 10.0625, "longitude": 79.3125, "region": "Tamil Nadu & Puducherry", "map_sheet_no": "58N08SW", "edition_year": 2021, "years_elapsed": 10, "erosion_length_km": 0.0, "erosion_area_ha": 0.0, "accretion_length_km": 0.89, "accretion_area_ha": 1.41, "stable_length_km": 3.35, "shoreline_change_rate_m_per_yr": 1.584 }, "geometry": { "type": "Point", "coordinates": [ 79.3125, 10.0625 ] } },
{ "type": "Feature", "properties": { "latitude": 10.3125, "longitude": 79.6875, "region": "Tamil Nadu & Puducherry", "map_sheet_no": "58N11SE", "edition_year": 2021, "years_elapsed": 10, "erosion_length_km": 1.47, "erosion_area_ha": 4.42, "accretion_length_km": 0.15, "accretion_area_ha": 0.3, "stable_length_km": 0.37, "shoreline_change_rate_m_per_yr": -2.543 }, "geometry": { "type": "Point", "coordinates": [ 79.6875, 10.3125 ] } },
{ "type": "Feature", "properties": { "latitude": 10.9375, "longitude": 79.8125, "region": "Tamil Nadu & Puducherry", "map_sheet_no": "58N13NW", "edition_year": 2021, "years_elapsed": 10, "erosion_length_km": 0.0, "erosion_area_ha": 0.0, "accretion_length_km": 5.02, "accretion_area_ha": 8.92, "stable_length_km": 7.68, "shoreline_change_rate_m_per_yr": 1.777 }, "geometry": { "type": "Point", "coordinates": [ 79.8125, 10.9375 ] } },
{ "type": "Feature", "properties": { "latitude": 10.8125, "longitude": 79.8125, "region": "Tamil Nadu & Puducherry", "map_sheet_no": "58N13SW", "edition_year": 2021, "years_elapsed": 10, "erosion_length_km": 0.96, "erosion_area_ha": 1.54, "accretion_length_km": 2.57, "accretion_area_ha": 7.12, "stable_length_km": 5.41, "shoreline_change_rate_m_per_yr": 1.581 }, "geometry": { "type": "Point", "coordinates": [ 79.8125, 10.8125 ] } },
{ "type": "Feature", "properties": { "latitude": 10.6875, "longitude": 79.8125, "region": "Tamil Nadu & Puducherry", "map_sheet_no": "58N14NW", "edition_year": 2021, "years_elapsed": 10, "erosion_length_km": 0.86, "erosion_area_ha": 1.39, "accretion_length_km": 3.76, "accretion_area_ha": 13.18, "stable_length_km": 9.27, "shoreline_change_rate_m_per_yr": 2.552 }, "geometry": { "type": "Point", "coordinates": [ 79.8125, 10.6875 ] } },
{ "type": "Feature", "properties": { "latitude": 10.5625, "longitude": 79.8125, "region": "Tamil Nadu & Puducherry", "map_sheet_no": "58N14SW", "edition_year": 2021, "years_elapsed": 10, "erosion_length_km": 0.0, "erosion_area_ha": 0.0, "accretion_length_km": 12.58, "accretion_area_ha": 31.69, "stable_length_km": 0.15, "shoreline_change_rate_m_per_yr": 2.519 }, "geometry": { "type": "Point", "coordinates": [ 79.8125, 10.5625 ] } },
{ "type": "Feature", "properties": { "latitude": 10.4375, "longitude": 79.8125, "region": "Tamil Nadu & Puducherry", "map_sheet_no": "58N15NW", "edition_year": 2021, "years_elapsed": 10, "erosion_length_km": 0.54, "erosion_area_ha": 1.44, "accretion_length_km": 6.32, "accretion_area_ha": 7.84, "stable_length_km": 4.99, "shoreline_change_rate_m_per_yr": 0.933 }, "geometry": { "type": "Point", "coordinates": [ 79.8125, 10.4375 ] } },
{ "type": "Feature", "properties": { "latitude": 10.3125, "longitude": 79.9375, "region": "Tamil Nadu & Puducherry", "map_sheet_no": "58N15SE", "edition_year": 2021, "years_elapsed": 10, "erosion_length_km": 0.23, "erosion_area_ha": 0.58, "accretion_length_km": 1.58, "accretion_area_ha": 2.81, "stable_length_km": 0.78, "shoreline_change_rate_m_per_yr": 1.232 }, "geometry": { "type": "Point", "coordinates": [ 79.9375, 10.3125 ] } },
{ "type": "Feature", "properties": { "latitude": 10.3125, "longitude": 79.8125, "region": "Tamil Nadu & Puducherry", "map_sheet_no": "58N15SW", "edition_year": 2021, "years_elapsed": 10, "erosion_length_km": 3.48, "erosion_area_ha": 9.44, "accretion_length_km": 1.39, "accretion_area_ha": 5.23, "stable_length_km": 6.15, "shoreline_change_rate_m_per_yr": -0.864 }, "geometry": { "type": "Point", "coordinates": [ 79.8125, 10.3125 ] } },
{ "type": "Feature", "properties": { "latitude": 9.9375, "longitude": 79.1875, "region": "Tamil Nadu & Puducherry", "map_sheet_no": "58O01NE", "edition_year": 2021, "years_elapsed": 10, "erosion_length_km": 0.0, "erosion_area_ha": 0.0, "accretion_length_km": 1.59, "accretion_area_ha": 1.38, "stable_length_km": 14.69, "shoreline_change_rate_m_per_yr": 0.868 }, "geometry": { "type": "Point", "coordinates": [ 79.1875, 9.9375 ] } },
{ "type": "Feature", "properties": { "latitude": 9.9375, "longitude": 79.0625, "region": "Tamil Nadu & Puducherry", "map_sheet_no": "58O01NW", "edition_year": 2021, "years_elapsed": 10, "erosion_length_km": 0.0, "erosion_area_ha": 0.0, "accretion_length_km": 0.0, "accretion_area_ha": 0.0, "stable_length_km": 0.61, "shoreline_change_rate_m_per_yr": 0.0 }, "geometry": { "type": "Point", "coordinates": [ 79.0625, 9.9375 ] } },
{ "type": "Feature", "properties": { "latitude": 9.8125, "longitude": 79.0625, "region": "Tamil Nadu & Puducherry", "map_sheet_no": "58O01SW", "edition_year": 2021, "years_elapsed": 10, "erosion_length_km": 0.2, "erosion_area_ha": 0.21, "accretion_length_km": 1.2, "accretion_area_ha": 1.41, "stable_length_km": 11.34, "shoreline_change_rate_m_per_yr": 0.857 }, "geometry": { "type": "Point", "coordinates": [ 79.0625, 9.8125 ] } },
{ "type": "Feature", "properties": { "latitude": 9.6875, "longitude": 79.0625, "region": "Tamil Nadu & Puducherry", "map_sheet_no": "58O02NW", "edition_year": 2021, "years_elapsed": 10, "erosion_length_km": 0.25, "erosion_area_ha": 0.33, "accretion_length_km": 0.0, "accretion_area_ha": 0.0, "stable_length_km": 3.95, "shoreline_change_rate_m_per_yr": -1.32 }, "geometry": { "type": "Point", "coordinates": [ 79.0625, 9.6875 ] } },
{ "type": "Feature", "properties": { "latitude": 9.3125, "longitude": 79.1875, "region": "Tamil Nadu & Puducherry", "map_sheet_no": "58O03SE", "edition_year": 2021, "years_elapsed": 10, "erosion_length_km": 3.02, "erosion_area_ha": 4.99, "accretion_length_km": 3.88, "accretion_area_ha": 12.84, "stable_length_km": 19.8, "shoreline_change_rate_m_per_yr": 1.138 }, "geometry": { "type": "Point", "coordinates": [ 79.1875, 9.3125 ] } },
{ "type": "Feature", "properties": { "latitude": 9.3125, "longitude": 79.0625, "region": "Tamil Nadu & Puducherry", "map_sheet_no": "58O03SW", "edition_year": 2021, "years_elapsed": 10, "erosion_length_km": 4.98, "erosion_area_ha": 11.93, "accretion_length_km": 4.01, "accretion_area_ha": 8.6, "stable_length_km": 20.85, "shoreline_change_rate_m_per_yr": -0.37 }, "geometry": { "type": "Point", "coordinates": [ 79.0625, 9.3125 ] } },
{ "type": "Feature", "properties": { "latitude": 9.3125, "longitude": 79.3125, "region": "Tamil Nadu & Puducherry", "map_sheet_no": "58O07SW", "edition_year": 2021, "years_elapsed": 10, "erosion_length_km": 0.32, "erosion_area_ha": 0.81, "accretion_length_km": 1.87, "accretion_area_ha": 4.86, "stable_length_km": 18.1, "shoreline_change_rate_m_per_yr": 1.849 }, "geometry": { "type": "Point", "coordinates": [ 79.3125, 9.3125 ] } },
{ "type": "Feature", "properties": { "latitude": 9.1875, "longitude": 79.4375, "region": "Tamil Nadu & Puducherry", "map_sheet_no": "58O08NE", "edition_year": 2021, "years_elapsed": 10, "erosion_length_km": 0.0, "erosion_area_ha": 0.0, "accretion_length_km": 1.95, "accretion_area_ha": 11.47, "stable_length_km": 7.69, "shoreline_change_rate_m_per_yr": 5.882 }, "geometry": { "type": "Point", "coordinates": [ 79.4375, 9.1875 ] } },
{ "type": "Feature", "properties": { "latitude": 9.1875, "longitude": 79.3125, "region": "Tamil Nadu & Puducherry", "map_sheet_no": "58O08NW", "edition_year": 2021, "years_elapsed": 10, "erosion_length_km": 0.0, "erosion_area_ha": 0.0, "accretion_length_km": 0.0, "accretion_area_ha": 0.0, "stable_length_km": 10.65, "shoreline_change_rate_m_per_yr": 0.0 }, "geometry": { "type": "Point", "coordinates": [ 79.3125, 9.1875 ] } },
{ "type": "Feature", "properties": { "latitude": 13.5625, "longitude": 80.3125, "region": "Tamil Nadu & Puducherry", "map_sheet_no": "66C06SW", "edition_year": 2021, "years_elapsed": 10, "erosion_length_km": 3.24, "erosion_area_ha": 8.39, "accretion_length_km": 0.8, "accretion_area_ha": 0.37, "stable_length_km": 3.29, "shoreline_change_rate_m_per_yr": -1.985 }, "geometry": { "type": "Point", "coordinates": [ 80.3125, 13.5625 ] } },
{ "type": "Feature", "properties": { "latitude": 13.4375, "longitude": 80.3125, "region": "Tamil Nadu & Puducherry", "map_sheet_no": "66C07NW", "edition_year": 2021, "years_elapsed": 10, "erosion_length_km": 3.27, "erosion_area_ha": 26.61, "accretion_length_km": 7.77, "accretion_area_ha": 21.12, "stable_length_km": 3.69, "shoreline_change_rate_m_per_yr": -0.497 }, "geometry": { "type": "Point", "coordinates": [ 80.3125, 13.4375 ] } },
{ "type": "Feature", "properties": { "latitude": 13.3125, "longitude": 80.3125, "region": "Tamil Nadu & Puducherry", "map_sheet_no": "66C07SW", "edition_year": 2021, "years_elapsed": 10, "erosion_length_km": 4.23, "erosion_area_ha": 40.7, "accretion_length_km": 2.67, "accretion_area_ha": 23.74, "stable_length_km": 2.84, "shoreline_change_rate_m_per_yr": -2.458 }, "geometry": { "type": "Point", "coordinates": [ 80.3125, 13.3125 ] } },
{ "type": "Feature", "properties": { "latitude": 13.1875, "longitude": 80.3125, "region": "Tamil Nadu & Puducherry", "map_sheet_no": "66C08NW", "edition_year": 2021, "years_elapsed": 10, "erosion_length_km": 0.43, "erosion_area_ha": 2.53, "accretion_length_km": 2.55, "accretion_area_ha": 8.36, "stable_length_km": 10.9, "shoreline_change_rate_m_per_yr": 1.956 }, "geometry": { "type": "Point", "coordinates": [ 80.3125, 13.1875 ] } },
{ "type": "Feature", "properties": { "latitude": 13.0625, "longitude": 80.3125, "region": "Tamil Nadu & Puducherry", "map_sheet_no": "66C08SW", "edition_year": 2021, "years_elapsed": 10, "erosion_length_km": 0.0, "erosion_area_ha": 0.0, "accretion_length_km": 2.82, "accretion_area_ha": 11.9, "stable_length_km": 9.88, "shoreline_change_rate_m_per_yr": 4.22 }, "geometry": { "type": "Point", "coordinates": [ 80.3125, 13.0625 ] } },
{ "type": "Feature", "properties": { "latitude": 12.8125, "longitude": 80.1875, "region": "Tamil Nadu & Puducherry", "map_sheet_no": "66D01SE", "edition_year": 2021, "years_elapsed": 10, "erosion_length_km": 2.03, "erosion_area_ha": 1.71, "accretion_length_km": 0.52, "accretion_area_ha": 0.99, "stable_length_km": 7.1, "shoreline_change_rate_m_per_yr": -0.282 }, "geometry": { "type": "Point", "coordinates": [ 80.1875, 12.8125 ] } },
{ "type": "Feature", "properties": { "latitude": 12.6875, "longitude": 80.1875, "region": "Tamil Nadu & Puducherry", "map_sheet_no": "66D02NE", "edition_year": 2021, "years_elapsed": 10, "erosion_length_km": 0.0, "erosion_area_ha": 0.0, "accretion_length_km": 2.6, "accretion_area_ha": 3.51, "stable_length_km": 12.04, "shoreline_change_rate_m_per_yr": 1.35 }, "geometry": { "type": "Point", "coordinates": [ 80.1875, 12.6875 ] } },
{ "type": "Feature", "properties": { "latitude": 12.5625, "longitude": 80.1875, "region": "Tamil Nadu & Puducherry", "map_sheet_no": "66D02SE", "edition_year": 2021, "years_elapsed": 10, "erosion_length_km": 0.41, "erosion_area_ha": 0.48, "accretion_length_km": 5.95, "accretion_area_ha": 10.45, "stable_length_km": 8.78, "shoreline_change_rate_m_per_yr": 1.568 }, "geometry": { "type": "Point", "coordinates": [ 80.1875, 12.5625 ] } },
{ "type": "Feature", "properties": { "latitude": 12.4375, "longitude": 80.1875, "region": "Tamil Nadu & Puducherry", "map_sheet_no": "66D03NE", "edition_year": 2021, "years_elapsed": 10, "erosion_length_km": 0.0, "erosion_area_ha": 0.0, "accretion_length_km": 0.0, "accretion_area_ha": 0.0, "stable_length_km": 6.0, "shoreline_change_rate_m_per_yr": 0.0 }, "geometry": { "type": "Point", "coordinates": [ 80.1875, 12.4375 ] } },
{ "type": "Feature", "properties": { "latitude": 12.4375, "longitude": 80.0625, "region": "Tamil Nadu & Puducherry", "map_sheet_no": "66D03NW", "edition_year": 2021, "years_elapsed": 10, "erosion_length_km": 0.0, "erosion_area_ha": 0.0, "accretion_length_km": 0.0, "accretion_area_ha": 0.0, "stable_length_km": 6.25, "shoreline_change_rate_m_per_yr": 0.0 }, "geometry": { "type": "Point", "coordinates": [ 80.0625, 12.4375 ] } },
{ "type": "Feature", "properties": { "latitude": 12.3125, "longitude": 80.0625, "region": "Tamil Nadu & Puducherry", "map_sheet_no": "66D03SW", "edition_year": 2021, "years_elapsed": 10, "erosion_length_km": 0.0, "erosion_area_ha": 0.0, "accretion_length_km": 2.49, "accretion_area_ha": 5.73, "stable_length_km": 11.85, "shoreline_change_rate_m_per_yr": 2.301 }, "geometry": { "type": "Point", "coordinates": [ 80.0625, 12.3125 ] } },
{ "type": "Feature", "properties": { "latitude": 12.1875, "longitude": 80.0625, "region": "Tamil Nadu & Puducherry", "map_sheet_no": "66D04NW", "edition_year": 2021, "years_elapsed": 10, "erosion_length_km": 0.55, "erosion_area_ha": 0.41, "accretion_length_km": 0.0, "accretion_area_ha": 0.0, "stable_length_km": 0.52, "shoreline_change_rate_m_per_yr": -0.745 }, "geometry": { "type": "Point", "coordinates": [ 80.0625, 12.1875 ] } },
{ "type": "Feature", "properties": { "latitude": 12.9375, "longitude": 80.3125, "region": "Tamil Nadu & Puducherry", "map_sheet_no": "66D05NW", "edition_year": 2021, "years_elapsed": 10, "erosion_length_km": 0.69, "erosion_area_ha": 1.13, "accretion_length_km": 1.46, "accretion_area_ha": 2.54, "stable_length_km": 11.99, "shoreline_change_rate_m_per_yr": 0.656 }, "geometry": { "type": "Point", "coordinates": [ 80.3125, 12.9375 ] } },
{ "type": "Feature", "properties": { "latitude": 12.8125, "longitude": 80.3125, "region": "Tamil Nadu & Puducherry", "map_sheet_no": "66D05SW", "edition_year": 2021, "years_elapsed": 10, "erosion_length_km": 1.31, "erosion_area_ha": 1.69, "accretion_length_km": 0.15, "accretion_area_ha": 0.13, "stable_length_km": 3.38, "shoreline_change_rate_m_per_yr": -1.068 }, "geometry": { "type": "Point", "coordinates": [ 80.3125, 12.8125 ] } },
{ "type": "Feature", "properties": { "latitude": 16.3125, "longitude": 81.1875, "region": "Andhra Pradesh", "map_sheet_no": "65H03SE", "edition_year": 2021, "years_elapsed": 10, "erosion_length_km": 0.0, "erosion_area_ha": 0.0, "accretion_length_km": 1.1, "accretion_area_ha": 9.49, "stable_length_km": 0.0, "shoreline_change_rate_m_per_yr": 8.627 }, "geometry": { "type": "Point", "coordinates": [ 81.1875, 16.3125 ] } },
{ "type": "Feature", "properties": { "latitude": 16.1875, "longitude": 81.1875, "region": "Andhra Pradesh", "map_sheet_no": "65H04NE", "edition_year": 2021, "years_elapsed": 10, "erosion_length_km": 3.01, "erosion_area_ha": 29.97, "accretion_length_km": 11.12, "accretion_area_ha": 49.64, "stable_length_km": 0.0, "shoreline_change_rate_m_per_yr": 1.392 }, "geometry": { "type": "Point", "coordinates": [ 81.1875, 16.1875 ] } },
{ "type": "Feature", "properties": { "latitude": 16.0625, "longitude": 81.1875, "region": "Andhra Pradesh", "map_sheet_no": "65H04SE", "edition_year": 2021, "years_elapsed": 10, "erosion_length_km": 0.92, "erosion_area_ha": 7.8, "accretion_length_km": 0.86, "accretion_area_ha": 1.56, "stable_length_km": 0.0, "shoreline_change_rate_m_per_yr": -3.506 }, "geometry": { "type": "Point", "coordinates": [ 81.1875, 16.0625 ] } },
{ "type": "Feature", "properties": { "latitude": 16.3125, "longitude": 81.4375, "region": "Andhra Pradesh", "map_sheet_no": "65H07SE", "edition_year": 2021, "years_elapsed": 10, "erosion_length_km": 2.64, "erosion_area_ha": 19.35, "accretion_length_km": 12.06, "accretion_area_ha": 69.39, "stable_length_km": 0.78, "shoreline_change_rate_m_per_yr": 3.404 }, "geometry": { "type": "Point", "coordinates": [ 81.4375, 16.3125 ] } },
{ "type": "Feature", "properties": { "latitude": 16.3125, "longitude": 81.3125, "region": "Andhra Pradesh", "map_sheet_no": "65H07SW", "edition_year": 2021, "years_elapsed": 10, "erosion_length_km": 0.0, "erosion_area_ha": 0.0, "accretion_length_km": 6.9, "accretion_area_ha": 28.1, "stable_length_km": 10.06, "shoreline_change_rate_m_per_yr": 4.072 }, "geometry": { "type": "Point", "coordinates": [ 81.3125, 16.3125 ] } },
{ "type": "Feature", "properties": { "latitude": 16.3125, "longitude": 81.6875, "region": "Andhra Pradesh", "map_sheet_no": "65H11SE", "edition_year": 2021, "years_elapsed": 10, "erosion_length_km": 9.4, "erosion_area_ha": 84.77, "accretion_length_km": 0.0, "accretion_area_ha": 0.0, "stable_length_km": 1.05, "shoreline_change_rate_m_per_yr": -9.018 }, "geometry": { "type": "Point", "coordinates": [ 81.6875, 16.3125 ] } },
{ "type": "Feature", "properties": { "latitude": 16.3125, "longitude": 81.5625, "region": "Andhra Pradesh", "map_sheet_no": "65H11SW", "edition_year": 2021, "years_elapsed": 10, "erosion_length_km": 1.14, "erosion_area_ha": 1.32, "accretion_length_km": 4.87, "accretion_area_ha": 25.96, "stable_length_km": 5.32, "shoreline_change_rate_m_per_yr": 4.1 }, "geometry": { "type": "Point", "coordinates": [ 81.5625, 16.3125 ] } },
{ "type": "Feature", "properties": { "latitude": 16.4375, "longitude": 81.9375, "region": "Andhra Pradesh", "map_sheet_no": "65H15NE", "edition_year": 2021, "years_elapsed": 10, "erosion_length_km": 6.79, "erosion_area_ha": 68.15, "accretion_length_km": 4.69, "accretion_area_ha": 16.37, "stable_length_km": 2.32, "shoreline_change_rate_m_per_yr": -4.51 }, "geometry": { "type": "Point", "coordinates": [ 81.9375, 16.4375 ] } },
{ "type": "Feature", "properties": { "latitude": 16.4375, "longitude": 81.8125, "region": "Andhra Pradesh", "map_sheet_no": "65H15NW", "edition_year": 2021, "years_elapsed": 10, "erosion_length_km": 0.0, "erosion_area_ha": 0.0, "accretion_length_km": 1.98, "accretion_area_ha": 8.62, "stable_length_km": 0.0, "shoreline_change_rate_m_per_yr": 4.354 }, "geometry": { "type": "Point", "coordinates": [ 81.8125, 16.4375 ] } },
{ "type": "Feature", "properties": { "latitude": 16.3125, "longitude": 81.8125, "region": "Andhra Pradesh", "map_sheet_no": "65H15SW", "edition_year": 2021, "years_elapsed": 10, "erosion_length_km": 4.27, "erosion_area_ha": 22.03, "accretion_length_km": 8.62, "accretion_area_ha": 32.29, "stable_length_km": 0.0, "shoreline_change_rate_m_per_yr": 0.796 }, "geometry": { "type": "Point", "coordinates": [ 81.8125, 16.3125 ] } },
{ "type": "Feature", "properties": { "latitude": 17.1875, "longitude": 82.4375, "region": "Andhra Pradesh", "map_sheet_no": "65K08NE", "edition_year": 2021, "years_elapsed": 10, "erosion_length_km": 16.12, "erosion_area_ha": 28.88, "accretion_length_km": 0.0, "accretion_area_ha": 0.0, "stable_length_km": 0.0, "shoreline_change_rate_m_per_yr": -1.792 }, "geometry": { "type": "Point", "coordinates": [ 82.4375, 17.1875 ] } },
{ "type": "Feature", "properties": { "latitude": 17.0625, "longitude": 82.4375, "region": "Andhra Pradesh", "map_sheet_no": "65K08SE", "edition_year": 2021, "years_elapsed": 10, "erosion_length_km": 1.93, "erosion_area_ha": 6.89, "accretion_length_km": 0.0, "accretion_area_ha": 0.0, "stable_length_km": 0.0, "shoreline_change_rate_m_per_yr": -3.57 }, "geometry": { "type": "Point", "coordinates": [ 82.4375, 17.0625 ] } },
{ "type": "Feature", "properties": { "latitude": 17.0625, "longitude": 82.3125, "region": "Andhra Pradesh", "map_sheet_no": "65K08SW", "edition_year": 2021, "years_elapsed": 10, "erosion_length_km": 4.55, "erosion_area_ha": 15.6, "accretion_length_km": 3.14, "accretion_area_ha": 17.23, "stable_length_km": 2.21, "shoreline_change_rate_m_per_yr": 0.212 }, "geometry": { "type": "Point", "coordinates": [ 82.3125, 17.0625 ] } },
{ "type": "Feature", "properties": { "latitude": 17.3125, "longitude": 82.6875, "region": "Andhra Pradesh", "map_sheet_no": "65K11SE", "edition_year": 2021, "years_elapsed": 10, "erosion_length_km": 0.0, "erosion_area_ha": 0.0, "accretion_length_km": 0.0, "accretion_area_ha": 0.0, "stable_length_km": 15.04, "shoreline_change_rate_m_per_yr": 0.0 }, "geometry": { "type": "Point", "coordinates": [ 82.6875, 17.3125 ] } },
{ "type": "Feature", "properties": { "latitude": 17.3125, "longitude": 82.5625, "region": "Andhra Pradesh", "map_sheet_no": "65K11SW", "edition_year": 2021, "years_elapsed": 10, "erosion_length_km": 3.64, "erosion_area_ha": 8.67, "accretion_length_km": 0.47, "accretion_area_ha": 0.56, "stable_length_km": 6.02, "shoreline_change_rate_m_per_yr": -1.973 }, "geometry": { "type": "Point", "coordinates": [ 82.5625, 17.3125 ] } },
{ "type": "Feature", "properties": { "latitude": 17.1875, "longitude": 82.5625, "region": "Andhra Pradesh", "map_sheet_no": "65K12NW", "edition_year": 2021, "years_elapsed": 10, "erosion_length_km": 0.03, "erosion_area_ha": 0.0, "accretion_length_km": 0.0, "accretion_area_ha": 0.0, "stable_length_km": 5.76, "shoreline_change_rate_m_per_yr": 0.0 }, "geometry": { "type": "Point", "coordinates": [ 82.5625, 17.1875 ] } },
{ "type": "Feature", "properties": { "latitude": 17.4375, "longitude": 82.9375, "region": "Andhra Pradesh", "map_sheet_no": "65K15NE", "edition_year": 2021, "years_elapsed": 10, "erosion_length_km": 1.83, "erosion_area_ha": 5.0, "accretion_length_km": 0.0, "accretion_area_ha": 0.0, "stable_length_km": 14.05, "shoreline_change_rate_m_per_yr": -2.732 }, "geometry": { "type": "Point", "coordinates": [ 82.9375, 17.4375 ] } },
{ "type": "Feature", "properties": { "latitude": 17.4375, "longitude": 82.8125, "region": "Andhra Pradesh", "map_sheet_no": "65K15NW", "edition_year": 2021, "years_elapsed": 10, "erosion_length_km": 0.32, "erosion_area_ha": 0.49, "accretion_length_km": 0.36, "accretion_area_ha": 1.07, "stable_length_km": 12.11, "shoreline_change_rate_m_per_yr": 0.853 }, "geometry": { "type": "Point", "coordinates": [ 82.8125, 17.4375 ] } },
{ "type": "Feature", "properties": { "latitude": 17.3125, "longitude": 82.8125, "region": "Andhra Pradesh", "map_sheet_no": "65K15SW", "edition_year": 2021, "years_elapsed": 10, "erosion_length_km": 0.0, "erosion_area_ha": 0.0, "accretion_length_km": 0.0, "accretion_area_ha": 0.0, "stable_length_km": 2.43, "shoreline_change_rate_m_per_yr": 0.0 }, "geometry": { "type": "Point", "coordinates": [ 82.8125, 17.3125 ] } },
{ "type": "Feature", "properties": { "latitude": 16.5625, "longitude": 82.1875, "region": "Andhra Pradesh", "map_sheet_no": "65L02SE", "edition_year": 2021, "years_elapsed": 10, "erosion_length_km": 0.0, "erosion_area_ha": 0.0, "accretion_length_km": 9.85, "accretion_area_ha": 49.89, "stable_length_km": 2.17, "shoreline_change_rate_m_per_yr": 5.065 }, "geometry": { "type": "Point", "coordinates": [ 82.1875, 16.5625 ] } },
{ "type": "Feature", "properties": { "latitude": 16.4375, "longitude": 82.1875, "region": "Andhra Pradesh", "map_sheet_no": "65L03NE", "edition_year": 2021, "years_elapsed": 10, "erosion_length_km": 0.19, "erosion_area_ha": 1.67, "accretion_length_km": 0.0, "accretion_area_ha": 0.0, "stable_length_km": 2.23, "shoreline_change_rate_m_per_yr": -8.789 }, "geometry": { "type": "Point", "coordinates": [ 82.1875, 16.4375 ] } },
{ "type": "Feature", "properties": { "latitude": 16.4375, "longitude": 82.0625, "region": "Andhra Pradesh", "map_sheet_no": "65L03NW", "edition_year": 2021, "years_elapsed": 10, "erosion_length_km": 3.8, "erosion_area_ha": 21.02, "accretion_length_km": 0.0, "accretion_area_ha": 0.0, "stable_length_km": 10.93, "shoreline_change_rate_m_per_yr": -5.532 }, "geometry": { "type": "Point", "coordinates": [ 82.0625, 16.4375 ] } },
{ "type": "Feature", "properties": { "latitude": 16.9375, "longitude": 82.3125, "region": "Andhra Pradesh", "map_sheet_no": "65L05NW", "edition_year": 2021, "years_elapsed": 10, "erosion_length_km": 7.17, "erosion_area_ha": 39.24, "accretion_length_km": 13.93, "accretion_area_ha": 97.09, "stable_length_km": 0.0, "shoreline_change_rate_m_per_yr": 2.742 }, "geometry": { "type": "Point", "coordinates": [ 82.3125, 16.9375 ] } },
{ "type": "Feature", "properties": { "latitude": 16.8125, "longitude": 82.3125, "region": "Andhra Pradesh", "map_sheet_no": "65L05SW", "edition_year": 2021, "years_elapsed": 10, "erosion_length_km": 2.59, "erosion_area_ha": 13.44, "accretion_length_km": 2.43, "accretion_area_ha": 7.16, "stable_length_km": 0.0, "shoreline_change_rate_m_per_yr": -1.251 }, "geometry": { "type": "Point", "coordinates": [ 82.3125, 16.8125 ] } },
{ "type": "Feature", "properties": { "latitude": 16.6875, "longitude": 82.3125, "region": "Andhra Pradesh", "map_sheet_no": "65L06NW", "edition_year": 2021, "years_elapsed": 10, "erosion_length_km": 2.81, "erosion_area_ha": 27.82, "accretion_length_km": 5.77, "accretion_area_ha": 47.99, "stable_length_km": 0.34, "shoreline_change_rate_m_per_yr": 2.351 }, "geometry": { "type": "Point", "coordinates": [ 82.3125, 16.6875 ] } },
{ "type": "Feature", "properties": { "latitude": 16.5625, "longitude": 82.3125, "region": "Andhra Pradesh", "map_sheet_no": "65L06SW", "edition_year": 2021, "years_elapsed": 10, "erosion_length_km": 1.19, "erosion_area_ha": 20.81, "accretion_length_km": 1.0, "accretion_area_ha": 1.99, "stable_length_km": 0.0, "shoreline_change_rate_m_per_yr": -8.594 }, "geometry": { "type": "Point", "coordinates": [ 82.3125, 16.5625 ] } },
{ "type": "Feature", "properties": { "latitude": 18.1875, "longitude": 83.6875, "region": "Andhra Pradesh", "map_sheet_no": "65N12NE", "edition_year": 2021, "years_elapsed": 10, "erosion_length_km": 0.0, "erosion_area_ha": 0.0, "accretion_length_km": 0.0, "accretion_area_ha": 0.0, "stable_length_km": 0.89, "shoreline_change_rate_m_per_yr": 0.0 }, "geometry": { "type": "Point", "coordinates": [ 83.6875, 18.1875 ] } },
{ "type": "Feature", "properties": { "latitude": 18.0625, "longitude": 83.6875, "region": "Andhra Pradesh", "map_sheet_no": "65N12SE", "edition_year": 2021, "years_elapsed": 10, "erosion_length_km": 1.62, "erosion_area_ha": 2.56, "accretion_length_km": 0.15, "accretion_area_ha": 0.21, "stable_length_km": 12.96, "shoreline_change_rate_m_per_yr": -1.328 }, "geometry": { "type": "Point", "coordinates": [ 83.6875, 18.0625 ] } },
{ "type": "Feature", "properties": { "latitude": 18.0625, "longitude": 83.5625, "region": "Andhra Pradesh", "map_sheet_no": "65N12SW", "edition_year": 2021, "years_elapsed": 10, "erosion_length_km": 6.9, "erosion_area_ha": 14.06, "accretion_length_km": 0.21, "accretion_area_ha": 0.84, "stable_length_km": 1.33, "shoreline_change_rate_m_per_yr": -1.859 }, "geometry": { "type": "Point", "coordinates": [ 83.5625, 18.0625 ] } },
{ "type": "Feature", "properties": { "latitude": 18.1875, "longitude": 83.9375, "region": "Andhra Pradesh", "map_sheet_no": "65N16NE", "edition_year": 2021, "years_elapsed": 10, "erosion_length_km": 0.97, "erosion_area_ha": 7.92, "accretion_length_km": 8.59, "accretion_area_ha": 31.41, "stable_length_km": 5.2, "shoreline_change_rate_m_per_yr": 2.457 }, "geometry": { "type": "Point", "coordinates": [ 83.9375, 18.1875 ] } },
{ "type": "Feature", "properties": { "latitude": 18.1875, "longitude": 83.8125, "region": "Andhra Pradesh", "map_sheet_no": "65N16NW", "edition_year": 2021, "years_elapsed": 10, "erosion_length_km": 2.17, "erosion_area_ha": 5.6, "accretion_length_km": 0.34, "accretion_area_ha": 0.05, "stable_length_km": 12.81, "shoreline_change_rate_m_per_yr": -2.211 }, "geometry": { "type": "Point", "coordinates": [ 83.8125, 18.1875 ] } },
{ "type": "Feature", "properties": { "latitude": 17.6875, "longitude": 83.1875, "region": "Andhra Pradesh", "map_sheet_no": "65O02NE", "edition_year": 2021, "years_elapsed": 10, "erosion_length_km": 0.0, "erosion_area_ha": 0.0, "accretion_length_km": 0.57, "accretion_area_ha": 1.25, "stable_length_km": 0.48, "shoreline_change_rate_m_per_yr": 2.193 }, "geometry": { "type": "Point", "coordinates": [ 83.1875, 17.6875 ] } },
{ "type": "Feature", "properties": { "latitude": 17.5625, "longitude": 83.1875, "region": "Andhra Pradesh", "map_sheet_no": "65O02SE", "edition_year": 2021, "years_elapsed": 10, "erosion_length_km": 1.74, "erosion_area_ha": 3.91, "accretion_length_km": 0.0, "accretion_area_ha": 0.0, "stable_length_km": 13.49, "shoreline_change_rate_m_per_yr": -2.247 }, "geometry": { "type": "Point", "coordinates": [ 83.1875, 17.5625 ] } },
{ "type": "Feature", "properties": { "latitude": 17.5625, "longitude": 83.0625, "region": "Andhra Pradesh", "map_sheet_no": "65O02SW", "edition_year": 2021, "years_elapsed": 10, "erosion_length_km": 0.25, "erosion_area_ha": 1.28, "accretion_length_km": 0.32, "accretion_area_ha": 0.68, "stable_length_km": 13.19, "shoreline_change_rate_m_per_yr": -1.053 }, "geometry": { "type": "Point", "coordinates": [ 83.0625, 17.5625 ] } },
{ "type": "Feature", "properties": { "latitude": 17.4375, "longitude": 83.0625, "region": "Andhra Pradesh", "map_sheet_no": "65O03NW", "edition_year": 2021, "years_elapsed": 10, "erosion_length_km": 0.0, "erosion_area_ha": 0.0, "accretion_length_km": 0.0, "accretion_area_ha": 0.0, "stable_length_km": 2.22, "shoreline_change_rate_m_per_yr": 0.0 }, "geometry": { "type": "Point", "coordinates": [ 83.0625, 17.4375 ] } },
{ "type": "Feature", "properties": { "latitude": 17.9375, "longitude": 83.4375, "region": "Andhra Pradesh", "map_sheet_no": "65O05NE", "edition_year": 2021, "years_elapsed": 10, "erosion_length_km": 7.36, "erosion_area_ha": 24.68, "accretion_length_km": 0.79, "accretion_area_ha": 0.0, "stable_length_km": 0.51, "shoreline_change_rate_m_per_yr": -3.028 }, "geometry": { "type": "Point", "coordinates": [ 83.4375, 17.9375 ] } },
{ "type": "Feature", "properties": { "latitude": 17.8125, "longitude": 83.4375, "region": "Andhra Pradesh", "map_sheet_no": "65O05SE", "edition_year": 2021, "years_elapsed": 10, "erosion_length_km": 11.25, "erosion_area_ha": 38.73, "accretion_length_km": 0.19, "accretion_area_ha": 0.0, "stable_length_km": 4.92, "shoreline_change_rate_m_per_yr": -3.385 }, "geometry": { "type": "Point", "coordinates": [ 83.4375, 17.8125 ] } },
{ "type": "Feature", "properties": { "latitude": 17.8125, "longitude": 83.3125, "region": "Andhra Pradesh", "map_sheet_no": "65O05SW", "edition_year": 2021, "years_elapsed": 10, "erosion_length_km": 3.19, "erosion_area_ha": 7.2, "accretion_length_km": 0.0, "accretion_area_ha": 0.0, "stable_length_km": 0.37, "shoreline_change_rate_m_per_yr": -2.257 }, "geometry": { "type": "Point", "coordinates": [ 83.3125, 17.8125 ] } },
{ "type": "Feature", "properties": { "latitude": 17.6875, "longitude": 83.3125, "region": "Andhra Pradesh", "map_sheet_no": "65O06NW", "edition_year": 2021, "years_elapsed": 10, "erosion_length_km": 3.92, "erosion_area_ha": 11.09, "accretion_length_km": 0.0, "accretion_area_ha": 0.0, "stable_length_km": 11.29, "shoreline_change_rate_m_per_yr": -2.829 }, "geometry": { "type": "Point", "coordinates": [ 83.3125, 17.6875 ] } },
{ "type": "Feature", "properties": { "latitude": 17.9375, "longitude": 83.5625, "region": "Andhra Pradesh", "map_sheet_no": "65O09NW", "edition_year": 2021, "years_elapsed": 10, "erosion_length_km": 10.1, "erosion_area_ha": 17.52, "accretion_length_km": 0.0, "accretion_area_ha": 0.0, "stable_length_km": 0.91, "shoreline_change_rate_m_per_yr": -1.735 }, "geometry": { "type": "Point", "coordinates": [ 83.5625, 17.9375 ] } },
{ "type": "Feature", "properties": { "latitude": 15.6875, "longitude": 80.1875, "region": "Andhra Pradesh", "map_sheet_no": "66A02NE", "edition_year": 2021, "years_elapsed": 10, "erosion_length_km": 0.0, "erosion_area_ha": 0.0, "accretion_length_km": 0.67, "accretion_area_ha": 0.93, "stable_length_km": 0.0, "shoreline_change_rate_m_per_yr": 1.388 }, "geometry": { "type": "Point", "coordinates": [ 80.1875, 15.6875 ] } },
{ "type": "Feature", "properties": { "latitude": 15.5625, "longitude": 80.1875, "region": "Andhra Pradesh", "map_sheet_no": "66A02SE", "edition_year": 2021, "years_elapsed": 10, "erosion_length_km": 1.11, "erosion_area_ha": 1.77, "accretion_length_km": 3.89, "accretion_area_ha": 14.47, "stable_length_km": 5.3, "shoreline_change_rate_m_per_yr": 2.54 }, "geometry": { "type": "Point", "coordinates": [ 80.1875, 15.5625 ] } },
{ "type": "Feature", "properties": { "latitude": 15.4375, "longitude": 80.1875, "region": "Andhra Pradesh", "map_sheet_no": "66A03NE", "edition_year": 2021, "years_elapsed": 10, "erosion_length_km": 1.28, "erosion_area_ha": 4.87, "accretion_length_km": 2.52, "accretion_area_ha": 8.13, "stable_length_km": 12.89, "shoreline_change_rate_m_per_yr": 0.858 }, "geometry": { "type": "Point", "coordinates": [ 80.1875, 15.4375 ] } },
{ "type": "Feature", "properties": { "latitude": 15.3125, "longitude": 80.1875, "region": "Andhra Pradesh", "map_sheet_no": "66A03SE", "edition_year": 2021, "years_elapsed": 10, "erosion_length_km": 0.0, "erosion_area_ha": 0.0, "accretion_length_km": 0.0, "accretion_area_ha": 0.0, "stable_length_km": 0.41, "shoreline_change_rate_m_per_yr": 0.0 }, "geometry": { "type": "Point", "coordinates": [ 80.1875, 15.3125 ] } },
{ "type": "Feature", "properties": { "latitude": 15.3125, "longitude": 80.0625, "region": "Andhra Pradesh", "map_sheet_no": "66A03SW", "edition_year": 2021, "years_elapsed": 10, "erosion_length_km": 0.81, "erosion_area_ha": 2.97, "accretion_length_km": 0.0, "accretion_area_ha": 0.0, "stable_length_km": 9.95, "shoreline_change_rate_m_per_yr": -3.667 }, "geometry": { "type": "Point", "coordinates": [ 80.0625, 15.3125 ] } },
{ "type": "Feature", "properties": { "latitude": 15.1875, "longitude": 80.0625, "region": "Andhra Pradesh", "map_sheet_no": "66A04NW", "edition_year": 2021, "years_elapsed": 10, "erosion_length_km": 3.95, "erosion_area_ha": 20.03, "accretion_length_km": 0.74, "accretion_area_ha": 1.43, "stable_length_km": 6.36, "shoreline_change_rate_m_per_yr": -3.966 }, "geometry": { "type": "Point", "coordinates": [ 80.0625, 15.1875 ] } },
{ "type": "Feature", "properties": { "latitude": 15.0625, "longitude": 80.0625, "region": "Andhra Pradesh", "map_sheet_no": "66A04SW", "edition_year": 2021, "years_elapsed": 10, "erosion_length_km": 0.77, "erosion_area_ha": 0.75, "accretion_length_km": 0.0, "accretion_area_ha": 0.0, "stable_length_km": 12.36, "shoreline_change_rate_m_per_yr": -0.974 }, "geometry": { "type": "Point", "coordinates": [ 80.0625, 15.0625 ] } },
{ "type": "Feature", "properties": { "latitude": 15.8125, "longitude": 80.4375, "region": "Andhra Pradesh", "map_sheet_no": "66A05SE", "edition_year": 2021, "years_elapsed": 10, "erosion_length_km": 0.0, "erosion_area_ha": 0.0, "accretion_length_km": 1.27, "accretion_area_ha": 1.99, "stable_length_km": 13.07, "shoreline_change_rate_m_per_yr": 1.567 }, "geometry": { "type": "Point", "coordinates": [ 80.4375, 15.8125 ] } },
{ "type": "Feature", "properties": { "latitude": 15.8125, "longitude": 80.3125, "region": "Andhra Pradesh", "map_sheet_no": "66A05SW", "edition_year": 2021, "years_elapsed": 10, "erosion_length_km": 0.0, "erosion_area_ha": 0.0, "accretion_length_km": 3.94, "accretion_area_ha": 11.0, "stable_length_km": 0.0, "shoreline_change_rate_m_per_yr": 2.792 }, "geometry": { "type": "Point", "coordinates": [ 80.3125, 15.8125 ] } },
{ "type": "Feature", "properties": { "latitude": 15.6875, "longitude": 80.3125, "region": "Andhra Pradesh", "map_sheet_no": "66A06NW", "edition_year": 2021, "years_elapsed": 10, "erosion_length_km": 0.35, "erosion_area_ha": 1.91, "accretion_length_km": 5.73, "accretion_area_ha": 13.21, "stable_length_km": 6.94, "shoreline_change_rate_m_per_yr": 1.859 }, "geometry": { "type": "Point", "coordinates": [ 80.3125, 15.6875 ] } },
{ "type": "Feature", "properties": { "latitude": 15.9375, "longitude": 80.6875, "region": "Andhra Pradesh", "map_sheet_no": "66A09NE", "edition_year": 2021, "years_elapsed": 10, "erosion_length_km": 0.65, "erosion_area_ha": 14.71, "accretion_length_km": 10.06, "accretion_area_ha": 24.9, "stable_length_km": 0.33, "shoreline_change_rate_m_per_yr": 0.951 }, "geometry": { "type": "Point", "coordinates": [ 80.6875, 15.9375 ] } },
{ "type": "Feature", "properties": { "latitude": 15.8125, "longitude": 80.6875, "region": "Andhra Pradesh", "map_sheet_no": "66A09SE", "edition_year": 2021, "years_elapsed": 10, "erosion_length_km": 0.0, "erosion_area_ha": 0.0, "accretion_length_km": 2.43, "accretion_area_ha": 8.3, "stable_length_km": 0.13, "shoreline_change_rate_m_per_yr": 3.416 }, "geometry": { "type": "Point", "coordinates": [ 80.6875, 15.8125 ] } },
{ "type": "Feature", "properties": { "latitude": 15.8125, "longitude": 80.5625, "region": "Andhra Pradesh", "map_sheet_no": "66A09SW", "edition_year": 2021, "years_elapsed": 10, "erosion_length_km": 2.15, "erosion_area_ha": 16.79, "accretion_length_km": 7.49, "accretion_area_ha": 15.5, "stable_length_km": 3.13, "shoreline_change_rate_m_per_yr": -0.134 }, "geometry": { "type": "Point", "coordinates": [ 80.5625, 15.8125 ] } },
{ "type": "Feature", "properties": { "latitude": 15.8125, "longitude": 80.8125, "region": "Andhra Pradesh", "map_sheet_no": "66A13SW", "edition_year": 2021, "years_elapsed": 10, "erosion_length_km": 0.0, "erosion_area_ha": 0.0, "accretion_length_km": 0.27, "accretion_area_ha": 0.62, "stable_length_km": 0.0, "shoreline_change_rate_m_per_yr": 2.296 }, "geometry": { "type": "Point", "coordinates": [ 80.8125, 15.8125 ] } },
{ "type": "Feature", "properties": { "latitude": 15.6875, "longitude": 80.9375, "region": "Andhra Pradesh", "map_sheet_no": "66A14NE", "edition_year": 2021, "years_elapsed": 10, "erosion_length_km": 0.19, "erosion_area_ha": 0.14, "accretion_length_km": 0.0, "accretion_area_ha": 0.0, "stable_length_km": 2.88, "shoreline_change_rate_m_per_yr": -0.737 }, "geometry": { "type": "Point", "coordinates": [ 80.9375, 15.6875 ] } },
{ "type": "Feature", "properties": { "latitude": 15.6875, "longitude": 80.8125, "region": "Andhra Pradesh", "map_sheet_no": "66A14NW", "edition_year": 2021, "years_elapsed": 10, "erosion_length_km": 0.39, "erosion_area_ha": 3.13, "accretion_length_km": 0.0, "accretion_area_ha": 0.0, "stable_length_km": 0.34, "shoreline_change_rate_m_per_yr": -8.026 }, "geometry": { "type": "Point", "coordinates": [ 80.8125, 15.6875 ] } },
{ "type": "Feature", "properties": { "latitude": 14.9375, "longitude": 80.0625, "region": "Andhra Pradesh", "map_sheet_no": "66B01NW", "edition_year": 2021, "years_elapsed": 10, "erosion_length_km": 0.0, "erosion_area_ha": 0.0, "accretion_length_km": 0.43, "accretion_area_ha": 1.24, "stable_length_km": 13.99, "shoreline_change_rate_m_per_yr": 2.884 }, "geometry": { "type": "Point", "coordinates": [ 80.0625, 14.9375 ] } },
{ "type": "Feature", "properties": { "latitude": 14.8125, "longitude": 80.0625, "region": "Andhra Pradesh", "map_sheet_no": "66B01SW", "edition_year": 2021, "years_elapsed": 10, "erosion_length_km": 7.46, "erosion_area_ha": 24.37, "accretion_length_km": 0.49, "accretion_area_ha": 2.59, "stable_length_km": 4.38, "shoreline_change_rate_m_per_yr": -2.74 }, "geometry": { "type": "Point", "coordinates": [ 80.0625, 14.8125 ] } },
{ "type": "Feature", "properties": { "latitude": 14.6875, "longitude": 80.1875, "region": "Andhra Pradesh", "map_sheet_no": "66B02NE", "edition_year": 2021, "years_elapsed": 10, "erosion_length_km": 2.32, "erosion_area_ha": 4.3, "accretion_length_km": 9.67, "accretion_area_ha": 22.76, "stable_length_km": 1.1, "shoreline_change_rate_m_per_yr": 1.54 }, "geometry": { "type": "Point", "coordinates": [ 80.1875, 14.6875 ] } },
{ "type": "Feature", "properties": { "latitude": 14.6875, "longitude": 80.0625, "region": "Andhra Pradesh", "map_sheet_no": "66B02NW", "edition_year": 2021, "years_elapsed": 10, "erosion_length_km": 1.05, "erosion_area_ha": 5.79, "accretion_length_km": 1.86, "accretion_area_ha": 7.02, "stable_length_km": 0.0, "shoreline_change_rate_m_per_yr": 0.423 }, "geometry": { "type": "Point", "coordinates": [ 80.0625, 14.6875 ] } },
{ "type": "Feature", "properties": { "latitude": 14.5625, "longitude": 80.1875, "region": "Andhra Pradesh", "map_sheet_no": "66B02SE", "edition_year": 2021, "years_elapsed": 10, "erosion_length_km": 2.58, "erosion_area_ha": 14.54, "accretion_length_km": 3.15, "accretion_area_ha": 18.62, "stable_length_km": 7.7, "shoreline_change_rate_m_per_yr": 0.712 }, "geometry": { "type": "Point", "coordinates": [ 80.1875, 14.5625 ] } },
{ "type": "Feature", "properties": { "latitude": 14.4375, "longitude": 80.1875, "region": "Andhra Pradesh", "map_sheet_no": "66B03NE", "edition_year": 2021, "years_elapsed": 10, "erosion_length_km": 0.0, "erosion_area_ha": 0.0, "accretion_length_km": 1.32, "accretion_area_ha": 1.22, "stable_length_km": 12.36, "shoreline_change_rate_m_per_yr": 0.924 }, "geometry": { "type": "Point", "coordinates": [ 80.1875, 14.4375 ] } },
{ "type": "Feature", "properties": { "latitude": 14.3125, "longitude": 80.1875, "region": "Andhra Pradesh", "map_sheet_no": "66B03SE", "edition_year": 2021, "years_elapsed": 10, "erosion_length_km": 4.08, "erosion_area_ha": 9.07, "accretion_length_km": 2.03, "accretion_area_ha": 9.33, "stable_length_km": 8.0, "shoreline_change_rate_m_per_yr": 0.043 }, "geometry": { "type": "Point", "coordinates": [ 80.1875, 14.3125 ] } },
{ "type": "Feature", "properties": { "latitude": 14.1875, "longitude": 80.1875, "region": "Andhra Pradesh", "map_sheet_no": "66B04NE", "edition_year": 2021, "years_elapsed": 10, "erosion_length_km": 0.63, "erosion_area_ha": 2.18, "accretion_length_km": 7.91, "accretion_area_ha": 28.09, "stable_length_km": 5.57, "shoreline_change_rate_m_per_yr": 3.034 }, "geometry": { "type": "Point", "coordinates": [ 80.1875, 14.1875 ] } },
{ "type": "Feature", "properties": { "latitude": 14.0625, "longitude": 80.1875, "region": "Andhra Pradesh", "map_sheet_no": "66B04SE", "edition_year": 2021, "years_elapsed": 10, "erosion_length_km": 1.29, "erosion_area_ha": 6.7, "accretion_length_km": 8.69, "accretion_area_ha": 20.29, "stable_length_km": 2.54, "shoreline_change_rate_m_per_yr": 1.362 }, "geometry": { "type": "Point", "coordinates": [ 80.1875, 14.0625 ] } },
{ "type": "Feature", "properties": { "latitude": 13.9375, "longitude": 80.1875, "region": "Andhra Pradesh", "map_sheet_no": "66C01NE", "edition_year": 2021, "years_elapsed": 10, "erosion_length_km": 0.0, "erosion_area_ha": 0.0, "accretion_length_km": 6.99, "accretion_area_ha": 9.37, "stable_length_km": 8.17, "shoreline_change_rate_m_per_yr": 1.34 }, "geometry": { "type": "Point", "coordinates": [ 80.1875, 13.9375 ] } },
{ "type": "Feature", "properties": { "latitude": 13.8125, "longitude": 80.1875, "region": "Andhra Pradesh", "map_sheet_no": "66C01SE", "edition_year": 2021, "years_elapsed": 10, "erosion_length_km": 4.94, "erosion_area_ha": 15.33, "accretion_length_km": 3.15, "accretion_area_ha": 6.71, "stable_length_km": 3.91, "shoreline_change_rate_m_per_yr": -1.066 }, "geometry": { "type": "Point", "coordinates": [ 80.1875, 13.8125 ] } },
{ "type": "Feature", "properties": { "latitude": 13.6875, "longitude": 80.1875, "region": "Andhra Pradesh", "map_sheet_no": "66C02NE", "edition_year": 2021, "years_elapsed": 10, "erosion_length_km": 0.0, "erosion_area_ha": 0.0, "accretion_length_km": 9.29, "accretion_area_ha": 22.58, "stable_length_km": 4.7, "shoreline_change_rate_m_per_yr": 2.431 }, "geometry": { "type": "Point", "coordinates": [ 80.1875, 13.6875 ] } },
{ "type": "Feature", "properties": { "latitude": 13.5625, "longitude": 80.1875, "region": "Andhra Pradesh", "map_sheet_no": "66C02SE", "edition_year": 2021, "years_elapsed": 10, "erosion_length_km": 0.0, "erosion_area_ha": 0.0, "accretion_length_km": 2.25, "accretion_area_ha": 2.06, "stable_length_km": 0.78, "shoreline_change_rate_m_per_yr": 0.916 }, "geometry": { "type": "Point", "coordinates": [ 80.1875, 13.5625 ] } },
{ "type": "Feature", "properties": { "latitude": 13.8125, "longitude": 80.3125, "region": "Andhra Pradesh", "map_sheet_no": "66C05SW", "edition_year": 2021, "years_elapsed": 10, "erosion_length_km": 0.92, "erosion_area_ha": 2.44, "accretion_length_km": 1.4, "accretion_area_ha": 4.67, "stable_length_km": 0.0, "shoreline_change_rate_m_per_yr": 0.961 }, "geometry": { "type": "Point", "coordinates": [ 80.3125, 13.8125 ] } },
{ "type": "Feature", "properties": { "latitude": 13.5625, "longitude": 80.3125, "region": "Andhra Pradesh", "map_sheet_no": "66C06SW", "edition_year": 2021, "years_elapsed": 10, "erosion_length_km": 1.15, "erosion_area_ha": 0.76, "accretion_length_km": 2.82, "accretion_area_ha": 2.91, "stable_length_km": 0.67, "shoreline_change_rate_m_per_yr": 0.542 }, "geometry": { "type": "Point", "coordinates": [ 80.3125, 13.5625 ] } },
{ "type": "Feature", "properties": { "latitude": 19.0625, "longitude": 84.6875, "region": "Andhra Pradesh", "map_sheet_no": "74A12SE", "edition_year": 2021, "years_elapsed": 10, "erosion_length_km": 3.76, "erosion_area_ha": 8.24, "accretion_length_km": 0.0, "accretion_area_ha": 0.0, "stable_length_km": 4.14, "shoreline_change_rate_m_per_yr": -2.191 }, "geometry": { "type": "Point", "coordinates": [ 84.6875, 19.0625 ] } },
{ "type": "Feature", "properties": { "latitude": 19.0625, "longitude": 84.8125, "region": "Andhra Pradesh", "map_sheet_no": "74A16SW", "edition_year": 2021, "years_elapsed": 10, "erosion_length_km": 1.44, "erosion_area_ha": 3.05, "accretion_length_km": 0.0, "accretion_area_ha": 0.0, "stable_length_km": 0.47, "shoreline_change_rate_m_per_yr": -2.118 }, "geometry": { "type": "Point", "coordinates": [ 84.8125, 19.0625 ] } },
{ "type": "Feature", "properties": { "latitude": 18.4375, "longitude": 84.1875, "region": "Andhra Pradesh", "map_sheet_no": "74B03NE", "edition_year": 2021, "years_elapsed": 10, "erosion_length_km": 1.23, "erosion_area_ha": 3.13, "accretion_length_km": 0.0, "accretion_area_ha": 0.0, "stable_length_km": 13.64, "shoreline_change_rate_m_per_yr": -2.545 }, "geometry": { "type": "Point", "coordinates": [ 84.1875, 18.4375 ] } },
{ "type": "Feature", "properties": { "latitude": 18.3125, "longitude": 84.1875, "region": "Andhra Pradesh", "map_sheet_no": "74B03SE", "edition_year": 2021, "years_elapsed": 10, "erosion_length_km": 4.24, "erosion_area_ha": 34.56, "accretion_length_km": 4.19, "accretion_area_ha": 36.45, "stable_length_km": 0.69, "shoreline_change_rate_m_per_yr": 0.224 }, "geometry": { "type": "Point", "coordinates": [ 84.1875, 18.3125 ] } },
{ "type": "Feature", "properties": { "latitude": 18.3125, "longitude": 84.0625, "region": "Andhra Pradesh", "map_sheet_no": "74B03SW", "edition_year": 2021, "years_elapsed": 10, "erosion_length_km": 0.5, "erosion_area_ha": 3.58, "accretion_length_km": 0.0, "accretion_area_ha": 0.0, "stable_length_km": 13.54, "shoreline_change_rate_m_per_yr": -7.16 }, "geometry": { "type": "Point", "coordinates": [ 84.0625, 18.3125 ] } },
{ "type": "Feature", "properties": { "latitude": 18.1875, "longitude": 84.0625, "region": "Andhra Pradesh", "map_sheet_no": "74B04NW", "edition_year": 2021, "years_elapsed": 10, "erosion_length_km": 0.32, "erosion_area_ha": 1.3, "accretion_length_km": 0.23, "accretion_area_ha": 0.66, "stable_length_km": 0.99, "shoreline_change_rate_m_per_yr": -1.164 }, "geometry": { "type": "Point", "coordinates": [ 84.0625, 18.1875 ] } },
{ "type": "Feature", "properties": { "latitude": 18.6875, "longitude": 84.4375, "region": "Andhra Pradesh", "map_sheet_no": "74B06NE", "edition_year": 2021, "years_elapsed": 10, "erosion_length_km": 3.12, "erosion_area_ha": 9.89, "accretion_length_km": 0.22, "accretion_area_ha": 0.76, "stable_length_km": 13.4, "shoreline_change_rate_m_per_yr": -2.734 }, "geometry": { "type": "Point", "coordinates": [ 84.4375, 18.6875 ] } },
{ "type": "Feature", "properties": { "latitude": 18.5625, "longitude": 84.4375, "region": "Andhra Pradesh", "map_sheet_no": "74B06SE", "edition_year": 2021, "years_elapsed": 10, "erosion_length_km": 0.0, "erosion_area_ha": 0.0, "accretion_length_km": 0.0, "accretion_area_ha": 0.0, "stable_length_km": 3.63, "shoreline_change_rate_m_per_yr": 0.0 }, "geometry": { "type": "Point", "coordinates": [ 84.4375, 18.5625 ] } },
{ "type": "Feature", "properties": { "latitude": 18.5625, "longitude": 84.3125, "region": "Andhra Pradesh", "map_sheet_no": "74B06SW", "edition_year": 2021, "years_elapsed": 10, "erosion_length_km": 0.0, "erosion_area_ha": 0.0, "accretion_length_km": 2.04, "accretion_area_ha": 9.09, "stable_length_km": 13.34, "shoreline_change_rate_m_per_yr": 4.456 }, "geometry": { "type": "Point", "coordinates": [ 84.3125, 18.5625 ] } },
{ "type": "Feature", "properties": { "latitude": 18.4375, "longitude": 84.3125, "region": "Andhra Pradesh", "map_sheet_no": "74B07NW", "edition_year": 2021, "years_elapsed": 10, "erosion_length_km": 0.0, "erosion_area_ha": 0.0, "accretion_length_km": 0.0, "accretion_area_ha": 0.0, "stable_length_km": 4.83, "shoreline_change_rate_m_per_yr": 0.0 }, "geometry": { "type": "Point", "coordinates": [ 84.3125, 18.4375 ] } },
{ "type": "Feature", "properties": { "latitude": 18.9375, "longitude": 84.6875, "region": "Andhra Pradesh", "map_sheet_no": "74B09NE", "edition_year": 2021, "years_elapsed": 10, "erosion_length_km": 2.96, "erosion_area_ha": 4.57, "accretion_length_km": 0.27, "accretion_area_ha": 0.9, "stable_length_km": 9.85, "shoreline_change_rate_m_per_yr": -1.136 }, "geometry": { "type": "Point", "coordinates": [ 84.6875, 18.9375 ] } },
{ "type": "Feature", "properties": { "latitude": 18.9375, "longitude": 84.5625, "region": "Andhra Pradesh", "map_sheet_no": "74B09NW", "edition_year": 2021, "years_elapsed": 10, "erosion_length_km": 5.07, "erosion_area_ha": 10.11, "accretion_length_km": 0.29, "accretion_area_ha": 1.02, "stable_length_km": 0.29, "shoreline_change_rate_m_per_yr": -1.696 }, "geometry": { "type": "Point", "coordinates": [ 84.5625, 18.9375 ] } },
{ "type": "Feature", "properties": { "latitude": 18.8125, "longitude": 84.5625, "region": "Andhra Pradesh", "map_sheet_no": "74B09SW", "edition_year": 2021, "years_elapsed": 10, "erosion_length_km": 4.43, "erosion_area_ha": 7.22, "accretion_length_km": 0.14, "accretion_area_ha": 0.22, "stable_length_km": 12.86, "shoreline_change_rate_m_per_yr": -1.532 }, "geometry": { "type": "Point", "coordinates": [ 84.5625, 18.8125 ] } },
{ "type": "Feature", "properties": { "latitude": 18.6875, "longitude": 84.5625, "region": "Andhra Pradesh", "map_sheet_no": "74B10NW", "edition_year": 2021, "years_elapsed": 10, "erosion_length_km": 0.0, "erosion_area_ha": 0.0, "accretion_length_km": 0.0, "accretion_area_ha": 0.0, "stable_length_km": 0.31, "shoreline_change_rate_m_per_yr": 0.0 }, "geometry": { "type": "Point", "coordinates": [ 84.5625, 18.6875 ] } }
]
}
